protocolo,uf,municipio,instituto,instituto_fantasia,cargo,entrevistados,data_inicio,estatistico,valor,DT_FIM_PESQUISA,DT_REGISTRO
GO081422026,GO,GOIÁS,VILANI E BARBOSA NEGOCIOS LTDA,DATA RD,"Governador, Senador",1509,31/07/2026,JERFSON BRUNO DO NASCIMENTO HONORIO,"19700,00",2026-08-04 00:00:00,2026-07-30 22:41:44
BA030432026,BA,BAHIA,INSTITUTO PARANA DE PESQUISAS E ANALISE DE CONSUMIDOR LTDA,#NULO#,"Governador, Senador",1400,31/07/2026,Tatiani Cristina Ara,"45000,00",2026-08-02 00:00:00,2026-07-28 19:54:54
SE057662026,SE,SERGIPE,"ECM - EDICAO, COMUNICACAO & MARKETING LTDA",ECM-PESQUISAS,"Governador, Senador, Deputado Federal, Deputado Estadual",1500,31/07/2026,FLAVIO FERREIRA DA CONCEICAO,"30000,00",2026-08-03 00:00:00,2026-07-30 20:36:33
GO071722026,GO,GOIÁS,INSTITUTO GAZETA LTDA,IGAPE- INSTITUTO GAZETA DE PEQUISAS,"Governador, Senador",500,31/07/2026,FILIPE MOREIRA MARTINE,"4000,00",2026-08-04 00:00:00,2026-07-31 21:32:29
RO058932026,RO,RONDÔNIA,BRASIL DADOS INTELIGENCIA EM DADOS E SOLUCOES E PESQUISAS LTDA,BRASIL DADOS,"Governador, Senador, Deputado Federal, Deputado Estadual",1050,31/07/2026,LUIZ GONZAGA DE SOUZA DUTRA,"9000,00",2026-08-02 00:00:00,2026-07-30 13:48:27
AC011822026,AC,ACRE,INSTITUTO PARANA DE PESQUISAS E ANALISE DE CONSUMIDOR LTDA,#NULO#,"Governador, Senador, Deputado Federal",1000,31/05/2026,Tatiani Cristina Ara,"40000,00",2026-06-02 00:00:00,2026-05-28 19:18:28
AM068232026,AM,AMAZONAS,IGOR OLAVO RAMOS TAVARES,EFICAZ PESQUISAS & TECNOLOGIA,"Governador, Senador",1500,31/05/2026,Erico Jander da Silva Lopes,"37950,00",2026-06-04 00:00:00,2026-05-30 17:27:39
RN006842026,RN,RIO GRANDE DO NORTE,SETA INSTITUTO DE PESQUISA LTDA,INSTITUTO SETA DE PESQUISA,"Governador, Senador, Deputado Federal, Deputado Estadual",1500,31/03/2026,Galttieri Ferreira Tavares,"15000,00",2026-04-02 00:00:00,2026-03-31 14:51:51
PI048812026,PI,PIAUÍ,INSTITUTO GAMA PESQUISA E CONSULTORIA LTDA,GAMA PESQUISA E CONSULTORIA,Governador,1000,31/03/2026,MANOEL FRANCISCO DA SILVA,"8000,00",2026-04-01 00:00:00,2026-04-01 10:34:33
PI061332026,PI,PIAUÍ,INSTITUTO CREDIBILIDADE LTDA,INSTITUTO CREDIBILIDADE,"Governador, Senador, Deputado Federal, Deputado Estadual",401,31/03/2026,DIOGENES VITOR DA SILVEIRA,"6500,00",2026-04-01 00:00:00,2026-04-09 21:52:33
PI091892026,PI,PIAUÍ,INSTITUTO GAMA PESQUISA E CONSULTORIA LTDA,GAMA PESQUISA E CONSULTORIA,"Governador, Senador, Deputado Federal, Deputado Estadual",400,31/01/2026,MANOEL FRANCISCO DA SILVA,"7000,00",2026-02-01 00:00:00,2026-01-30 23:48:16
MG082142026,MG,MINAS GERAIS,F5 ATUALIZA DADOS LTDA,F5 ATUALIZA DADOS,"Governador, Senador, Deputado Federal, Deputado Estadual",472,30/07/2026,EDMILSON ANTONIO PEREIRA JUNIOR,"6000,00",2026-07-31 00:00:00,2026-07-29 16:45:51
MG003652026,MG,MINAS GERAIS,NELSON RANNIERI TIRONE LTDA,STATS - PESQUISA E GESTAO,Deputado Federal,600,30/07/2026,Leonidas Fioranelli Braga,"8500,00",2026-08-06 00:00:00,2026-08-03 21:14:21
PA084922026,PA,PARÁ,REAL TIME MIDIA LTDA,REAL TIME BIG DATA,"Governador, Senador",1600,30/07/2026,Isabela Zara Cremoneze,"24000,00",2026-08-03 00:00:00,2026-07-29 21:19:54
TO010562026,TO,TOCANTINS,VOZ E PESQUISA TOCANTINS LTDA,#NULO#,"Governador, Senador",1250,30/07/2026,Joao Soares de Araujo Neto,"19000,00",2026-08-03 00:00:00,2026-07-29 17:44:28
PE068992026,PE,PERNAMBUCO,ANDRE CAVALCANTE FALABELLA LTDA,INSTITUTO DE PESQUISA MULTIPLA,"Governador, Deputado Federal, Deputado Estadual",300,30/07/2026,Eduardo Jose Pereira da Costa,"10000,00",2026-07-31 00:00:00,2026-07-30 11:30:49
TO017852026,TO,TOCANTINS,NEXUS PESQUISA E INTELIGENCIA DE DADOS LTDA,NEXUS,"Governador, Senador",1200,30/07/2026,Neale Ahmed El Dash,"90000,00",2026-08-02 00:00:00,2026-07-29 18:16:23
GO010732026,GO,GOIÁS,KLIK INTELIGENCIA LTDA,KLIK,"Governador, Senador, Deputado Federal, Deputado Estadual",1200,30/07/2026,ALEXANDRE VASCONCELOS LIMA,"10000,00",2026-08-04 00:00:00,2026-07-30 19:28:22
SE053182026,SE,SERGIPE,INSTITUTO FRANCA DE PESQUISAS LTDA,INSTITUTO FRANCA DE PESQUISA PESQUISA E ASSESSORIA,"Governador, Senador, Deputado Federal, Deputado Estadual",1116,30/06/2026,Aldine Andrea Oliveira de Sousa Cabral,"30000,00",2026-07-02 00:00:00,2026-07-03 15:45:09
PA038302026,PA,PARÁ,DOXA ARTE & COMUNICAO S/S LTDA,DOXA,"Governador, Senador, Deputado Federal, Deputado Estadual",2000,30/06/2026,Jadson Fernandes Chaves,"30000,00",2026-07-04 00:00:00,2026-06-30 22:18:35
SE069572026,SE,SERGIPE,INSTITUTO FRANCA DE PESQUISAS LTDA,INSTITUTO FRANCA DE PESQUISA PESQUISA E ASSESSORIA,"Governador, Senador, Deputado Federal, Deputado Estadual",1116,30/06/2026,Aldine Andrea Oliveira de Sousa Cabral,"30000,00",2026-07-02 00:00:00,2026-06-30 22:17:14
MT017552026,MT,MATO GROSSO,REAL TIME MIDIA LTDA,REAL TIME BIG DATA,"Governador, Senador",1600,30/05/2026,Isabela Zara Cremoneze,"64000,00",2026-06-01 00:00:00,2026-05-27 17:03:35
AM051012026,AM,AMAZONAS,M P VALIN EIRELI,PROJETA PESQUISA DE MERCADO OPNIAO PUBLICA,"Governador, Senador",2996,30/05/2026,Marcel Paredes Valin,"65000,00",2026-06-05 00:00:00,2026-05-30 22:38:13
PI083402026,PI,PIAUÍ,INSTITUTO PIAUIENSE DE OPINIAO PUBLICA LTDA - EPP,AMOSTRAGEM OPINIAO E MERCADO,"Governador, Senador, Deputado Federal, Deputado Estadual",400,30/04/2026,JOÃO BATISTA MENDES TELES,"11500,00",2026-05-03 00:00:00,2026-05-04 19:16:51
SE071412026,SE,SERGIPE,EIPE - EXCLUSIVO INSTITUTO DE PESQUISA E ENSINO LTDA,EIPE - EXCLUSIVO INSTITUTO DE PESQUISA E ENSINO,"Governador, Senador, Deputado Federal, Deputado Estadual",1206,30/04/2026,Ralbert de Almeida Menezes,"40000,00",2026-05-04 00:00:00,2026-04-30 11:26:04
PI071522026,PI,PIAUÍ,INSTITUTO PIAUIENSE DE OPINIAO PUBLICA LTDA - EPP,AMOSTRAGEM OPINIAO E MERCADO,"Governador, Senador, Deputado Federal",400,30/04/2026,JOÃO BATISTA MENDES TELES,"11500,00",2026-05-03 00:00:00,2026-05-04 21:04:07
AL027592026,AL,ALAGOAS,GRUPO DE PESQUISA SAO JUDAS TADEU LTDA,TDL PESQUISA,"Governador, Senador",1200,30/04/2026,Denivaldo da C. Fernandes de Oliveira,"47000,00",2026-05-02 00:00:00,2026-04-30 22:44:48
PA038002026,PA,PARÁ,SIMETRIA CONSULTORIA E PESQUISA LTDA,SIMETRIA,"Governador, Senador",1200,30/04/2026,RUI DA COSTA ABRANTES,"30000,00",2026-05-04 00:00:00,2026-04-29 22:30:22
PI022442026,PI,PIAUÍ,INSTITUTO PIAUIENSE DE OPINIAO PUBLICA LTDA - EPP,AMOSTRAGEM OPINIAO E MERCADO,Governador,400,30/04/2026,JOÃO BATISTA MENDES TELES,"11500,00",2026-05-04 00:00:00,2026-05-04 21:43:40
RN051942026,RN,RIO GRANDE DO NORTE,M B BARROS CONSULTORIA LTDA - ME,INSTITUTO DATASENSUS,"Governador, Senador, Deputado Federal, Deputado Estadual",800,30/04/2026,Lucemberg de Araújo Pedrosa,"20000,00",2026-05-02 00:00:00,2026-04-27 20:56:58
PE053202026,PE,PERNAMBUCO,INSTITUTO DATATRENDS LTDA,DATATRENDS,"Governador, Senador",4000,30/04/2026,Ythalo Hugo da Silva Santos,"50000,00",2026-05-03 00:00:00,2026-04-30 18:46:31
SE024992026,SE,SERGIPE,"ECM - EDICAO, COMUNICACAO & MARKETING LTDA",ECM-PESQUISAS,"Governador, Senador, Deputado Federal, Deputado Estadual",1200,30/03/2026,Flávio Ferreira da Conceição,"11000,00",2026-04-03 00:00:00,2026-03-29 09:08:17
PI081982026,PI,PIAUÍ,INSTITUTO GAMA PESQUISA E CONSULTORIA LTDA,GAMA PESQUISA E CONSULTORIA,Governador,400,30/03/2026,Manoel Francisco da Silva,"6000,00",2026-03-31 00:00:00,2026-04-01 19:41:36
CE016682026,CE,CEARÁ,100% CIDADES PARTICIPACOES LTDA,100 CIDADES,"Governador, Senador",1000,30/03/2026,Fabíola Miranda von Rondow,"63000,00",2026-04-01 00:00:00,2026-03-31 16:26:35
AC026992026,AC,ACRE,DATA CONTROL INSTITUTO DE PESQUISA LTDA - ME,DATA CONTROL INSTITUTO DE PESQUISA,"Governador, Senador",800,30/01/2026,JOSÉ AILTON ALENCAR DA SILVA,"15000,00",2026-02-03 00:00:00,2026-02-02 10:38:37
GO040102026,GO,GOIÁS,SMS - DIRECT PESQUISAS E MARKETING LTDA,DIRECT PESQUISAS,"Governador, Senador, Deputado Federal, Deputado Estadual",600,30/01/2026,José Dos Reis Cunha Filho,"6000,00",2026-02-01 00:00:00,2026-01-29 21:44:39
RJ093162026,RJ,RIO DE JANEIRO,VETOR ARROW INSTITUTO DE PESQUISA E OPINIAO LTDA,#NULO#,"Governador, Senador, Deputado Federal, Deputado Estadual",14000,29/08/2026,Luciano Moura Silva,"140000,00",2026-09-01 00:00:00,2026-06-02 16:54:59
ES051812026,ES,ESPÍRITO SANTO,INSTITUTO DE PESQUISAS PERFIL LTDA,#NULO#,"Governador, Senador, Deputado Federal, Deputado Estadual",600,29/07/2026,LINIANE GAZOLA,"18000,00",2026-07-31 00:00:00,2026-07-27 20:02:15
PB098222026,PB,PARAÍBA,INSTITUTO RANKING DE PESQUISA LTDA,INSTITUTO RANKING PESQUISA,"Governador, Senador, Deputado Federal, Deputado Estadual",782,29/07/2026,Isis Milane Batista de Lima,"6000,00",2026-07-30 00:00:00,2026-07-28 20:40:44
BA091332026,BA,BAHIA,TML DE SOUZA PAIVA PUBLICIDADES,PUBLIVENDE ASSSSSORIA E COMUNICACAO,"Governador, Senador",2000,29/07/2026,HILDETE ALVES DA COSTA,"21000,00",2026-08-01 00:00:00,2026-07-28 22:53:48
SE024612026,SE,SERGIPE,VISAO PESQUISAS E SERVICOS LTDA,VISAO PESQUISAS,"Senador, Deputado Federal, Deputado Estadual",1000,29/07/2026,DANILO MESSIAS NASCIMENTO E SANTOS,"35000,00",2026-08-03 00:00:00,2026-07-30 18:40:23
MT050422026,MT,MATO GROSSO,NOVA IBRAPE PESQUISAS DE OPINIAO PUBLICA LTDA,NOVO IBRAPE,"Governador, Senador, Deputado Federal, Deputado Estadual",1000,29/07/2026,IVAN FERREIRA DOMINGUES,"19000,00",2026-08-03 00:00:00,2026-07-29 22:35:16
SP001422026,SP,SÃO PAULO,INSTITUTO VOX BRASIL OPINIAO E PESQUISAS LTDA,#NULO#,"Governador, Senador",1480,29/07/2026,GUILHERME COELHO NEVES,"50000,00",2026-07-31 00:00:00,2026-07-27 23:42:43
TO028482026,TO,TOCANTINS,BRASMARKET ANALISE E INVESTIGACAO DE MERCADO LTDA,BRASMARKET,"Governador, Senador",1200,29/07/2026,Juliane Silveira Freire da Silva,"30000,00",2026-07-31 00:00:00,2026-07-28 19:51:18
AL025192026,AL,ALAGOAS,REAL TIME MIDIA LTDA,REAL TIME BIG DATA,"Governador, Senador",1600,29/06/2026,Isabela Zara Cremoneze,"64000,00",2026-06-30 00:00:00,2026-06-25 16:31:09
PR006542026,PR,PARANÁ,INSTITUTO VOX BRASIL OPINIAO E PESQUISAS LTDA,#NULO#,"Governador, Senador",2000,29/06/2026,GUILHERME COELHO NEVES,"50000,00",2026-07-01 00:00:00,2026-06-27 22:06:27
PR096682026,PR,PARANÁ,INSTITUTO VOX BRASIL OPINIAO E PESQUISAS LTDA,#NULO#,"Governador, Senador",2000,29/06/2026,GUILHERME COELHO NEVES,"50000,00",2026-07-01 00:00:00,2026-06-27 19:15:19
RJ042592026,RJ,RIO DE JANEIRO,INSTITUTO PARANA DE PESQUISAS E ANALISE DE CONSUMIDOR LTDA,#NULO#,"Governador, Senador",1600,29/06/2026,Tatiani Cristina Ara,"45000,00",2026-07-01 00:00:00,2026-06-26 18:29:56
MS062472026,MS,MATO GROSSO DO SUL,RANKING BRASIL INTELIGENCIA LTDA,RANKING BRASIL INTELIGENCIA,"Governador, Senador, Deputado Federal, Deputado Estadual",2000,29/06/2026,AUGUSTO DA SILVA ROCHA,"20000,00",2026-07-03 00:00:00,2026-06-27 11:21:23
RO019702026,RO,RONDÔNIA,INSTITUTO NOVO PERFIL PESQUISAS LTDA,PERFIL PESQUISAS,"Governador, Senador, Deputado Federal, Deputado Estadual",1480,29/06/2026,JOSE AILTON ALENCAR DA SILVA,"44000,00",2026-07-03 00:00:00,2026-06-29 12:57:09
RO056302026,RO,RONDÔNIA,INSTITUTO NOVO PERFIL PESQUISAS LTDA,PERFIL PESQUISAS,"Governador, Senador, Deputado Federal, Deputado Estadual",1480,29/05/2026,JOSÉ AILTON ALENCAR DA SILVA,"44000,00",2026-06-03 00:00:00,2026-06-01 20:44:16
PI067252026,PI,PIAUÍ,ROGERIO M. P. MOURA - ME,DATA MAX,"Governador, Senador, Deputado Federal, Deputado Estadual",400,29/04/2026,DAVID LEAL DE CARVALHO,"5000,00",2026-05-02 00:00:00,2026-05-03 20:45:38
PB044362026,PB,PARAÍBA,SETA INSTITUTO DE PESQUISA LTDA,INSTITUTO SETA DE PESQUISA,"Governador, Senador, Deputado Federal, Deputado Estadual",1500,29/04/2026,Galttieri Ferreira Tavares,"15000,00",2026-05-01 00:00:00,2026-04-28 22:39:10
MT062322026,MT,MATO GROSSO,PERCENT PESQUISA DE MERCADO E OPINIAO LTDA,PERCENT PESQUISA DE MERCADO E OPINIAO,"Governador, Senador, Deputado Federal, Deputado Estadual",1200,29/04/2026,Nathany Luzia de Oliveira,"30000,00",2026-05-03 00:00:00,2026-04-28 19:18:26
PR069442026,PR,PARANÁ,INSTITUTO VERITA LTDA,VERITA,"Governador, Senador",2010,29/04/2026,GUILHERME ALVARENGA LAIA,"154770,00",2026-05-03 00:00:00,2026-04-28 21:05:35
PB010022026,PB,PARAÍBA,SETA INSTITUTO DE PESQUISA LTDA,INSTITUTO SETA DE PESQUISA,"Governador, Senador, Deputado Federal, Deputado Estadual",400,29/04/2026,Galttieri Ferreira Tavares,"4000,00",2026-04-30 00:00:00,2026-04-28 22:56:44
PA073212026,PA,PARÁ,DOXA ARTE & COMUNICAO S/S LTDA,DOXA,"Deputado Federal, Deputado Estadual",2000,29/04/2026,JADSON FERNANDES CHAVES ,"30000,00",2026-05-04 00:00:00,2026-04-29 12:34:54
PI011402026,PI,PIAUÍ,CENSUS INSTITUTO DE PESQUISAS EIRELI,CENSUS,"Governador, Senador, Deputado Federal, Deputado Estadual",301,29/04/2026,Laércio de Sousa Araújo,"5000,00",2026-05-03 00:00:00,2026-05-12 11:50:46
PA037982026,PA,PARÁ,V. C. H. A. SERVICOS LTDA.,VERITATE,"Governador, Senador, Deputado Federal, Deputado Estadual",1500,29/04/2026,Demétrio Alcone Peres,"60000,00",2026-05-03 00:00:00,2026-05-01 22:19:02
SE012332026,SE,SERGIPE,INSTITUTO VERITA LTDA,VERITA,"Governador, Senador, Deputado Federal, Deputado Estadual",1220,29/03/2026,GUILHERME ALVARENGA LAIA,"93940,00",2026-04-04 00:00:00,2026-03-28 17:54:51
RR063282026,RR,RORAIMA,INSTITUTO VERITA LTDA,VERITA,"Governador, Senador, Deputado Federal, Deputado Estadual",1030,29/03/2026,GUILHERME ALVARENGA LAIA,"79310,00",2026-04-04 00:00:00,2026-03-28 17:38:16
RS090082026,RS,RIO GRANDE DO SUL,INSTITUTO VERITA LTDA,VERITA,"Governador, Senador, Deputado Federal, Deputado Estadual",2020,29/03/2026,GUILHERME ALVARENGA LAIA,"155540,00",2026-04-04 00:00:00,2026-03-28 17:44:33
PI090192026,PI,PIAUÍ,ROGERIO M. P. MOURA - ME,DATA MAX,"Governador, Senador, Deputado Federal, Deputado Estadual",400,29/03/2026,DAVID LEAL DE CARVALHO,"8000,00",2026-03-31 00:00:00,2026-04-03 20:36:29
TO067002026,TO,TOCANTINS,INSTITUTO VERITA LTDA,VERITA,"Governador, Senador, Deputado Federal, Deputado Estadual",1220,29/03/2026,GUILHERME ALVARENGA LAIA,"93940,00",2026-04-04 00:00:00,2026-03-28 18:03:42
RN022562026,RN,RIO GRANDE DO NORTE,INSTITUTO VERITA LTDA,VERITA,"Governador, Senador, Deputado Federal, Deputado Estadual",1220,29/03/2026,GUILHERME ALVARENGA LAIA,"93940,00",2026-04-04 00:00:00,2026-03-28 17:33:09
RJ033942026,RJ,RIO DE JANEIRO,INSTITUTO VERITA LTDA,VERITA,"Governador, Senador, Deputado Federal, Deputado Estadual",2030,29/03/2026,GUILHERME ALVARENGA LAIA,"156310,00",2026-04-04 00:00:00,2026-03-28 17:27:34
SC086072026,SC,SANTA CATARINA,INSTITUTO VERITA LTDA,VERITA,"Governador, Senador, Deputado Federal, Deputado Estadual",1525,29/03/2026,GUILHERME ALVARENGA LAIA,"117425,00",2026-04-04 00:00:00,2026-03-28 17:48:57
RJ084192026,RJ,RIO DE JANEIRO,100% CIDADES PARTICIPACOES LTDA,100 CIDADES,"Governador, Senador",1000,29/01/2026,Fabíola Miranda von Rondow,"80000,00",2026-02-02 00:00:00,2026-02-03 19:06:38
PR054282026,PR,PARANÁ,RADAR INTELIGENCIA LTDA,RADAR ESTATISTICA,"Governador, Senador",1100,28/07/2026,Jose Mario Lima,"72500,00",2026-08-02 00:00:00,2026-07-27 18:54:31
PR039102026,PR,PARANÁ,INSTITUTO VERITA LTDA,VERITA,"Governador, Senador",2010,28/07/2026,Guilherme Alvarenga Laia,"154770,00",2026-08-01 00:00:00,2026-07-27 22:47:30
SE073272026,SE,SERGIPE,REAL TIME MIDIA LTDA,REAL TIME BIG DATA,"Governador, Senador",1600,28/07/2026,Isabela Zara Cremoneze,"24000,00",2026-08-01 00:00:00,2026-07-28 16:28:31
MA023642026,MA,MARANHÃO,M R BORGES PROMOCOES,VOX BRASIL PUBLICIDADE MARKETING,"Governador, Senador, Deputado Federal, Deputado Estadual",450,28/07/2026,FILIPE MOREIRA MARTINE,"2500,00",2026-07-29 00:00:00,2026-07-27 21:22:19
GO030622026,GO,GOIÁS,SMS - DIRECT PESQUISAS E MARKETING LTDA,DIRECT PESQUISAS,"Governador, Senador, Deputado Federal, Deputado Estadual",2000,28/07/2026,Jose Dos Reis Cunha Filho,"20000,00",2026-07-31 00:00:00,2026-07-27 19:35:48
PA012722026,PA,PARÁ,INSTITUTO VERITA LTDA,VERITA,"Governador, Senador",1525,28/07/2026,Guilherme Alvarenga Laia,"117425,00",2026-08-01 00:00:00,2026-07-28 21:52:16
AC078152026,AC,ACRE,ATLASINTEL TECNOLOGIA DE DADOS LTDA,ATLASINTEL,"Governador, Senador",1000,28/07/2026,Andrei Camilo dos Santos,"39000,00",2026-08-02 00:00:00,2026-07-28 16:39:07
RJ093032026,RJ,RIO DE JANEIRO,INSTITUTO PARANA DE PESQUISAS E ANALISE DE CONSUMIDOR LTDA,#NULO#,"Governador, Senador",1600,28/07/2026,Tatiani Cristina Ara,"45000,00",2026-07-30 00:00:00,2026-07-25 19:12:31
AM008862026,AM,AMAZONAS,INSTITUTO VERITA LTDA,VERITA,"Governador, Senador",1220,28/07/2026,Guilherme Alvarenga Laia,"93940,00",2026-08-01 00:00:00,2026-07-27 22:53:02
PI025092026,PI,PIAUÍ,A J TECH LTDA,VETOR TECNOLOGIA E PESQUISAS,"Governador, Senador, Deputado Federal, Deputado Estadual",1602,28/07/2026,LAERCIO DE SOUSA ARAUJO,"37000,00",2026-08-02 00:00:00,2026-07-31 15:58:34
MA076872026,MA,MARANHÃO,M D C LEMOS LTDA,INOP PREVISAO PESQUISAS SERVICOS E PUBLICIDADES,"Governador, Senador, Deputado Federal, Deputado Estadual",2660,28/07/2026,VITOR EMMANUEL BOUCAS DA SILVA,"48000,00",2026-08-05 00:00:00,2026-08-03 17:03:41
PE045192026,PE,PERNAMBUCO,DATAFOLHA INSTITUTO DE PESQUISAS LTDA.,#NULO#,"Governador, Senador",1022,28/07/2026,Renata Nunes Cesar,"115000,00",2026-07-30 00:00:00,2026-07-25 12:50:26
AP046612026,AP,AMAPÁ,INSTITUTO VERITA LTDA,VERITA,"Governador, Senador",1030,28/07/2026,Guilherme Alvarenga Laia,"79310,00",2026-08-01 00:00:00,2026-07-27 22:42:39
RJ056812026,RJ,RIO DE JANEIRO,PREFAB FUTURE PUBLICIDADE E PESQUISAS LTDA,PREFAB FUTURE,Governador,2500,28/06/2026,Sergio Ribeiro dos Santos,"90000,00",2026-07-02 00:00:00,2026-06-29 13:25:03
AL044912026,AL,ALAGOAS,INSTITUTO PARANA DE PESQUISAS E ANALISE DE CONSUMIDOR LTDA,#NULO#,"Governador, Senador",1400,28/06/2026,Tatiani Cristina Ara,"45000,00",2026-07-01 00:00:00,2026-06-27 23:26:58
CE048282026,CE,CEARÁ,INTELIGENCIA EM PESQUISA E CONSULTORIA LTDA,IPEC,"Governador, Senador",800,28/05/2026,MARCIA CAVALLARI NUNES,"90000,00",2026-06-03 00:00:00,2026-05-28 19:26:32
SP052972026,SP,SÃO PAULO,BADRA COMUNICACAO LTDA,BADRA COMUNICACAO,"Governador, Senador, Deputado Federal, Deputado Distrital",1500,28/05/2026,Marcos Rogerio Simonetti,"18000,00",2026-06-01 00:00:00,2026-05-27 17:42:46
RN026992026,RN,RIO GRANDE DO NORTE,AGORASEI PESQUISA LTDA,AGORASEI PESQUISA,"Governador, Senador, Deputado Federal, Deputado Estadual",1500,28/05/2026,Mariana da Silva Cavalcante,"30000,00",2026-05-31 00:00:00,2026-05-26 21:58:09
PI027302026,PI,PIAUÍ,INSTITUTO DATA AZ DE PESQUISA LTDA,INSTITUTO DE PESQUISA DATA AZ,"Governador, Senador, Deputado Federal, Deputado Estadual",1200,28/05/2026,Laércio de Sousa Araújo,"15000,00",2026-06-06 00:00:00,2026-06-09 22:33:57
PI032452026,PI,PIAUÍ,ROGERIO M. P. MOURA - ME,DATA MAX,"Governador, Senador, Deputado Federal, Deputado Estadual",400,28/04/2026,DAVID LEAL DE CARVALHO,"5000,00",2026-04-30 00:00:00,2026-05-03 20:34:57
PI021532026,PI,PIAUÍ,CENSUS INSTITUTO DE PESQUISAS EIRELI,CENSUS,"Governador, Senador, Deputado Federal, Deputado Estadual",300,28/04/2026,Laércio de Sousa Araújo,"5000,00",2026-04-29 00:00:00,2026-05-01 17:53:17
PI056582026,PI,PIAUÍ,INSTITUTO CREDIBILIDADE LTDA,INSTITUTO CREDIBILIDADE,"Governador, Senador, Deputado Federal, Deputado Estadual",404,28/04/2026,DIOGENES VITOR DA SILVEIRA,"5000,00",2026-04-29 00:00:00,2026-05-04 20:16:30
GO005012026,GO,GOIÁS,INSTITUTO PARANA DE PESQUISAS E ANALISE DE CONSUMIDOR LTDA,#NULO#,"Governador, Senador",1300,28/03/2026,Tatiani Cristina Ara,"45000,00",2026-03-31 00:00:00,2026-03-27 17:33:38
PI023592026,PI,PIAUÍ,A J TECH LTDA,VETOR TECNOLOGIA E PESQUISAS,"Governador, Senador, Deputado Federal, Deputado Estadual",1775,28/03/2026,Laércio de Sousa Araújo,"40000,00",2026-04-01 00:00:00,2026-04-08 22:12:18
PI027392026,PI,PIAUÍ,INSTITUTO GAMA PESQUISA E CONSULTORIA LTDA,GAMA PESQUISA E CONSULTORIA,Governador,400,28/03/2026,MANOEL FRANCISCO DA SILVA,"6000,00",2026-03-29 00:00:00,2026-03-30 00:21:05
PB066172026,PB,PARAÍBA,SETA INSTITUTO DE PESQUISA LTDA,INSTITUTO SETA DE PESQUISA,"Governador, Senador, Deputado Federal, Deputado Estadual",1500,28/01/2026,Galttieri Ferreira Tavares,"15000,00",2026-01-30 00:00:00,2026-01-27 21:57:25
GO062742026,GO,GOIÁS,SMS - DIRECT PESQUISAS E MARKETING LTDA,DIRECT PESQUISAS,"Governador, Senador, Deputado Federal, Deputado Estadual, Deputado Distrital",800,28/01/2026,José Dos Reis Cunha Filho,"6000,00",2026-01-30 00:00:00,2026-01-27 23:24:36
PI034622026,PI,PIAUÍ,ROGERIO M. P. MOURA - ME,DATA MAX,"Governador, Senador, Deputado Federal, Deputado Estadual",2000,27/07/2026,DAVID LEAL DE CARVALHO,"80000,00",2026-08-05 00:00:00,2026-08-04 23:43:16
ES089122026,ES,ESPÍRITO SANTO,AGILI PESQUISAS E MARKETING EIRELI,AGILI PESQUISAS,"Governador, Senador",800,27/07/2026,Marcio Bartolomeu Azevedo da Costa,"32000,00",2026-07-31 00:00:00,2026-07-28 19:04:16
AP059062026,AP,AMAPÁ,GERP MERCADOLOGIA LTDA,GRUPO GERP GERP MERCADO GERP OPINIAO GERPAUDIT,"Governador, Senador",1000,27/07/2026,CLENILSON SANTOS DE OLIVEIRA,"10000,00",2026-07-29 00:00:00,2026-07-25 11:31:45
SP069692026,SP,SÃO PAULO,PIMENTEL & CARPENTIERI CONSULTORIA DE MARKETING LTDA,PIMENTEL & CARPENTIERI CONSULTORIA DE MARKETING LTDA,"Governador, Senador, Deputado Federal, Deputado Estadual, Deputado Distrital",800,27/07/2026,Rui Akito Tamaribuchi,"12000,00",2026-07-30 00:00:00,2026-07-25 15:56:07
SE002812026,SE,SERGIPE,INOR - INSTITUTO DE PESQUISA DO NORDESTE LTDA,#NULO#,"Governador, Senador",1070,27/07/2026,DRIELLY JULIANNE RODRIGUES SANTOS,"20000,00",2026-07-29 00:00:00,2026-07-24 22:07:35
PB095472026,PB,PARAÍBA,INSTITUTO DATATRENDS LTDA,DATATRENDS,"Governador, Senador",1200,27/07/2026,Ythalo Hugo da Silva Santos,"15000,00",2026-07-29 00:00:00,2026-07-27 22:13:00
GO033052026,GO,GOIÁS,SMS - DIRECT PESQUISAS E MARKETING LTDA,DIRECT PESQUISAS,"Governador, Senador, Deputado Federal, Deputado Estadual",1500,27/07/2026,Jose Dos Reis Cunha Filho,"8000,00",2026-07-30 00:00:00,2026-07-27 08:37:58
PE084132026,PE,PERNAMBUCO,REAL TIME MIDIA LTDA,REAL TIME BIG DATA,"Governador, Senador",1600,27/07/2026,Isabela Zara Cremoneze,"24000,00",2026-07-30 00:00:00,2026-07-25 16:00:12
SP049112026,SP,SÃO PAULO,COSTA E MARIATH LTDA,INTELLIGENCE PESQUISA E COMUNICACAO,"Governador, Senador, Deputado Federal",1100,27/07/2026,MARCIO BARTOLOMEU AZEVEDO DA COSTA,"20000,00",2026-07-29 00:00:00,2026-07-28 12:42:26
AC007182026,AC,ACRE,F. FACANHA DE ALMEIDA,DELTA AGENCIA DE PESQUISA,"Governador, Senador",800,27/06/2026,Alexandre Vasconcelos Lima,"25000,00",2026-06-30 00:00:00,2026-06-26 09:45:36
SE037932026,SE,SERGIPE,POSITIVA PESQUISAS LTDA,POSITIVA PESQUISAS,"Governador, Senador, Deputado Federal, Deputado Estadual",1000,27/06/2026,Danilo Messias Nascimento e Santos,"20000,00",2026-06-30 00:00:00,2026-06-26 15:26:24
BA048482026,BA,BAHIA,INSTITUTO PARANA DE PESQUISAS E ANALISE DE CONSUMIDOR LTDA,#NULO#,"Governador, Senador",1500,27/06/2026,Tatiani Cristina Ara,"45000,00",2026-06-30 00:00:00,2026-06-25 17:29:55
PA018452026,PA,PARÁ,INSTITUTO VERITA LTDA,VERITA,"Governador, Senador",1525,27/05/2026,GUILHERME ALVARENGA LAIA,"117425,00",2026-05-31 00:00:00,2026-05-29 11:19:41
PI077512026,PI,PIAUÍ,OPINAR PESQUISAS LTDA.,OPINAR PESQUISAS,Senador,1200,27/05/2026,KLEISON DE PAIVA FREITAS,"67105,00",2026-05-29 00:00:00,2026-06-01 15:07:05
GO013402026,GO,GOIÁS,INSTITUTO GOIAS PESQUISAS LTDA,GOIAS PESQUISAS,"Governador, Senador",1150,27/05/2026,Francy Anne Barbosa Cesar,"45000,00",2026-05-30 00:00:00,2026-05-27 09:17:57
MT023932026,MT,MATO GROSSO,INSTITUTO VERITA LTDA,VERITA,"Governador, Senador",1220,27/05/2026,GUILHERME ALVARENGA LAIA,"93940,00",2026-05-31 00:00:00,2026-05-26 22:43:18
SC027472026,SC,SANTA CATARINA,INSTITUTO VERITA LTDA,VERITA,"Governador, Senador",1525,27/05/2026,GUILHERME ALVARENGA LAIA,"117425,00",2026-05-31 00:00:00,2026-05-26 23:06:24
RS023612026,RS,RIO GRANDE DO SUL,INSTITUTO VERITA LTDA,VERITA,"Governador, Senador",2020,27/05/2026,GUILHERME ALVARENGA LAIA,"155540,00",2026-05-31 00:00:00,2026-05-26 23:01:37
MA082072026,MA,MARANHÃO,INSTITUTO VERITA LTDA,VERITA,"Governador, Senador",1525,27/05/2026,GUILHERME ALVARENGA LAIA,"117425,00",2026-05-31 00:00:00,2026-05-26 22:35:15
RN062762026,RN,RIO GRANDE DO NORTE,INSTITUTO VERITA LTDA,VERITA,"Governador, Senador",1220,27/05/2026,GUILHERME ALVARENGA LAIA,"93940,00",2026-05-31 00:00:00,2026-05-26 22:57:10
PA073152026,PA,PARÁ,DOXA ARTE & COMUNICAO S/S LTDA,DOXA,"Deputado Federal, Deputado Estadual",2000,27/05/2026,JADSON FERNANDES CHAVES ,"30000,00",2026-06-03 00:00:00,2026-05-30 13:13:05
GO078592026,GO,GOIÁS,VILANI E BARBOSA NEGOCIOS LTDA,DATA RD,"Governador, Senador",1509,27/05/2026,CP-Brasil AC Certisign RFB G5 A1 17334115000115 JERFSON BRUNO DO NASCIMENTO HONORIO,"19700,00",2026-05-29 00:00:00,2026-05-27 13:59:20
AP023232026,AP,AMAPÁ,INSTITUTO VERITA LTDA,VERITA,"Governador, Senador",1030,27/05/2026,GUILHERME ALVARENGA LAIA,"79310,00",2026-05-31 00:00:00,2026-05-26 22:31:32
PB093782026,PB,PARAÍBA,INDICE INTELIGENCIA LTDA,INDICE INTELIGENCIA,"Governador, Senador, Deputado Federal, Deputado Estadual",2000,27/05/2026,Ianne Rafaella Santos Melo,"15000,00",2026-05-29 00:00:00,2026-05-26 21:49:44
MA063072026,MA,MARANHÃO,M R BORGES PROMOCOES,VOX BRASIL PUBLICIDADE MARKETING,"Governador, Senador",1050,27/05/2026,FILIPI MOREIRA MARTINE,"11000,00",2026-05-30 00:00:00,2026-05-26 13:49:29
MS063192026,MS,MATO GROSSO DO SUL,A. F. BARBOSA & CIA. LTDA - ME,INSTITUTO DE PESQUISA RESULTADO IPR,"Governador, Senador",784,27/04/2026,Alexandre Vasconcelos Lima,"12500,00",2026-05-01 00:00:00,2026-04-27 20:13:23
PR000152026,PR,PARANÁ,NEOBE GESTAO E SERVICOS LTDA,NEOKEMP PESQUISAS,"Governador, Senador",1008,27/04/2026,LUCIA HELENA SILVA CARDOSO,"45000,00",2026-04-29 00:00:00,2026-04-23 18:09:01
RN004432026,RN,RIO GRANDE DO NORTE,INDICE INTELIGENCIA LTDA,INDICE INTELIGENCIA,"Governador, Senador",1750,27/04/2026,Ianne Rafaella Santos Melo,"23000,00",2026-04-29 00:00:00,2026-04-26 18:59:21
ES003682026,ES,ESPÍRITO SANTO,INSTITUTO FRANCA DE PESQUISAS LTDA,INSTITUTO FRANCA DE PESQUISA PESQUISA E ASSESSORIA,"Governador, Senador",1067,27/04/2026,Aldine Andréa Oliveira de Sousa Cabral,"15000,00",2026-05-01 00:00:00,2026-04-30 07:56:02
SP033922026,SP,SÃO PAULO,BADRA COMUNICACAO LTDA,BADRA COMUNICACAO,Governador,10000,27/04/2026,Marcos Rogerio Simonetti,"8000,00",2026-05-02 00:00:00,2026-04-26 09:29:56
RN077082026,RN,RIO GRANDE DO NORTE,METADATA SOLUCOES INTELIGENTES LTDA,METADATA,"Governador, Senador, Deputado Federal, Deputado Estadual",1000,27/03/2026,Karine Symonir de Brito Pessoa,"10000,00",2026-03-28 00:00:00,2026-03-26 16:56:49
CE076452026,CE,CEARÁ,REAL TIME MIDIA LTDA,REAL TIME BIG DATA,"Governador, Senador",1600,27/03/2026,Isabela Zara Cremoneze,"64000,00",2026-03-28 00:00:00,2026-03-24 19:25:55
AM052752026,AM,AMAZONAS,DCASTRO COMUNICACAO E MARKETING LTDA,DIRETO AO PONTO PESQUISAS,"Governador, Senador, Deputado Federal, Deputado Estadual",1200,27/02/2026,Marcio Antônio Couto Ferreira,"35500,00",2026-03-03 00:00:00,2026-03-01 08:07:28
PI046722026,PI,PIAUÍ,CENSUS INSTITUTO DE PESQUISAS EIRELI,CENSUS,"Governador, Senador, Deputado Federal, Deputado Estadual",400,27/02/2026,Laércio de Sousa Araújo,"8000,00",2026-03-01 00:00:00,2026-02-28 12:45:46
SP038082026,SP,SÃO PAULO,BADRA COMUNICACAO LTDA,BADRA COMUNICACAO,"Governador, Senador",1500,27/01/2026,10744,"8000,00",2026-01-30 00:00:00,2026-01-31 23:35:16
AP000622026,AP,AMAPÁ,INSTITUTO PARANA DE PESQUISAS E ANALISE DE CONSUMIDOR LTDA,#NULO#,"Governador, Senador",1080,26/08/2026,Tatiani Cristina Ara,"45000,00",2026-08-28 00:00:00,2026-08-23 17:06:55
PB027412026,PB,PARAÍBA,INSTITUTO DATATRENDS LTDA,DATATRENDS,"Governador, Senador",1200,26/08/2026,Ythalo Hugo da Silva Santos,"15000,00",2026-08-28 00:00:00,2026-08-24 22:51:52
TO059612026,TO,TOCANTINS,SMS - DIRECT PESQUISAS E MARKETING LTDA,DIRECT PESQUISAS,"Governador, Senador, Deputado Federal, Deputado Estadual",2000,26/07/2026,Jose Dos Reis Cunha Filho,"20000,00",2026-07-30 00:00:00,2026-07-26 22:48:51
RJ027702026,RJ,RIO DE JANEIRO,PREFAB FUTURE PUBLICIDADE E PESQUISAS LTDA,PREFAB FUTURE,Governador,2000,26/07/2026,Sergio Ribeiro dos Santos,"25000,00",2026-07-29 00:00:00,2026-07-28 19:30:24
PR074862026,PR,PARANÁ,INSTITUTO RANKING DE PESQUISA LTDA,INSTITUTO RANKING PESQUISA,"Governador, Senador",1200,26/07/2026,Isis Milane Batista de Lima,"15000,00",2026-07-28 00:00:00,2026-07-25 19:02:08
RN076152026,RN,RIO GRANDE DO NORTE,PNH PESQUISA DE MERCADO E OPINIAO PUBLICA LTDA.,AFFARE INSTITUTE,"Governador, Senador",1500,26/06/2026,Emidio Cavalcanti de Albuquerque,"22500,00",2026-07-01 00:00:00,2026-06-27 05:55:10
GO075062026,GO,GOIÁS,INSTITUTO GAZETA LTDA,IGAPE- INSTITUTO GAZETA DE PEQUISAS,"Governador, Senador, Deputado Federal, Deputado Estadual",3000,26/06/2026,FILIPE MOREIRA MARTINE,"12000,00",2026-07-02 00:00:00,2026-06-27 09:45:09
RN061722026,RN,RIO GRANDE DO NORTE,INSPPE - INSTITUTO POTIGUAR DE PESQUISAS ESTATISTICAS LTDA,INSPPE - INSTITUTO POTIGUAR DE PESQUISAS ESTATISTICAS,"Governador, Senador, Deputado Federal, Deputado Estadual",1500,26/05/2026,Ábia Mariane Aquino do Nascimento,"15000,00",2026-05-28 00:00:00,2026-05-23 13:16:00
RN010452026,RN,RIO GRANDE DO NORTE,EXATUS CONSULTORIA E PESQUISA LTDA,EXATUS CONSULTORIA E PESQUISA,"Governador, Senador, Deputado Federal, Deputado Estadual",1500,26/05/2026,Ythalo Hugo da Silva Santos,"30000,00",2026-05-29 00:00:00,2026-05-29 22:49:30
SE065052026,SE,SERGIPE,OSCAR WAGNER DE SOUZA FERREIRA,W1 WEBTV,"Governador, Senador, Deputado Federal, Deputado Estadual",1000,26/05/2026,DANILO MESSIAS NASCIMENTO E SANTOS,"40000,00",2026-06-02 00:00:00,2026-05-29 10:44:48
RN038072026,RN,RIO GRANDE DO NORTE,SETA INSTITUTO DE PESQUISA LTDA,INSTITUTO SETA DE PESQUISA,"Governador, Senador, Deputado Federal, Deputado Estadual",1500,26/05/2026,Galttieri Ferreira Tavares,"15000,00",2026-05-28 00:00:00,2026-05-25 01:27:09
SP010612026,SP,SÃO PAULO,EXATA PESQUISA E CONSULTORIA LTDA,EXATA PESQUISA E CONSULTORIA,"Governador, Deputado Federal, Deputado Estadual",598,26/05/2026,ISABELE ALVES PEREIRA,"10000,00",2026-05-27 00:00:00,2026-05-25 13:38:55
MA061782026,MA,MARANHÃO,M R BORGES PROMOCOES,VOX BRASIL PUBLICIDADE MARKETING,"Governador, Senador, Deputado Federal, Deputado Estadual",400,26/05/2026,FILIPE MOREIRA MARTINE,"3500,00",2026-05-29 00:00:00,2026-05-27 00:28:31
SP022282026,SP,SÃO PAULO,INSTITUTO VOX BRASIL OPINIAO E PESQUISAS LTDA,#NULO#,"Governador, Senador",1480,26/05/2026,GUILHERME COELHO NEVES,"50000,00",2026-05-28 00:00:00,2026-05-24 20:14:30
MG056132026,MG,MINAS GERAIS,INSTITUTO VERITA LTDA,VERITA,"Governador, Senador",2030,26/04/2026,GUILHERME ALVARENGA LAIA,"156310,00",2026-04-30 00:00:00,2026-04-25 20:54:16
PA025492026,PA,PARÁ,INSTITUTO VERITA LTDA,VERITA,"Governador, Senador",1525,26/04/2026,GUILHERME ALVARENGA LAIA,"117425,00",2026-04-30 00:00:00,2026-04-25 20:47:19
MA071442026,MA,MARANHÃO,INSTITUTO VERITA LTDA,VERITA,"Governador, Senador",1525,26/04/2026,GUILHERME ALVARENGA LAIA,"117425,00",2026-04-30 00:00:00,2026-04-25 20:41:05
GO055142026,GO,GOIÁS,INSTITUTO VERITA LTDA,VERITA,"Governador, Senador",1525,26/04/2026,GUILHERME ALVARENGA LAIA,"117425,00",2026-04-30 00:00:00,2026-04-25 20:39:02
RJ094982026,RJ,RIO DE JANEIRO,INSTITUTO VERITA LTDA,VERITA,Senador,2030,26/04/2026,GUILHERME ALVARENGA LAIA,"156310,00",2026-04-30 00:00:00,2026-04-25 22:12:34
PI030352026,PI,PIAUÍ,ROGERIO M. P. MOURA - ME,DATA MAX,"Governador, Senador, Deputado Federal, Deputado Estadual",400,26/04/2026,DAVID LEAL DE CARVALHO,"5000,00",2026-04-27 00:00:00,2026-04-27 21:35:41
MT012852026,MT,MATO GROSSO,INSTITUTO VERITA LTDA,VERITA,"Governador, Senador",1220,26/04/2026,GUILHERME ALVARENGA LAIA,"93940,00",2026-04-30 00:00:00,2026-04-25 20:43:59
PI095082026,PI,PIAUÍ,INSTITUTO VERITA LTDA,VERITA,"Governador, Senador",1220,26/04/2026,GUILHERME ALVARENGA LAIA,"93940,00",2026-04-30 00:00:00,2026-04-25 22:10:30
PE079602026,PE,PERNAMBUCO,INSTITUTO VERITA LTDA,VERITA,"Governador, Senador",2010,26/04/2026,GUILHERME ALVARENGA LAIA,"154770,00",2026-04-30 00:00:00,2026-04-25 21:55:45
PI091032026,PI,PIAUÍ,INSTITUTO GAMA PESQUISA E CONSULTORIA LTDA,GAMA PESQUISA E CONSULTORIA,Governador,800,26/03/2026,MANOEL FRANCISCO DA SILVA,"8000,00",2026-03-27 00:00:00,2026-03-30 00:09:44
PA060562026,PA,PARÁ,DOXA ARTE & COMUNICAO S/S LTDA,DOXA,"Deputado Federal, Deputado Estadual",2000,26/03/2026,JADSON FERNANDES CHAVES ,"30000,00",2026-03-30 00:00:00,2026-03-25 15:26:38
CE001512026,CE,CEARÁ,INSTITUTO PARANA DE PESQUISAS E ANALISE DE CONSUMIDOR LTDA,#NULO#,"Governador, Senador",1500,26/03/2026,Tatiani Cristina Ara,"130000,00",2026-03-30 00:00:00,2026-03-26 17:10:00
AP076182026,AP,AMAPÁ,DOXA ARTE & COMUNICAO S/S LTDA,DOXA,"Governador, Senador, Deputado Federal, Deputado Estadual",1064,26/03/2026,JADSON FERNANDES CHAVES ,"15000,00",2026-03-30 00:00:00,2026-03-25 16:33:09
PB039802026,PB,PARAÍBA,SETA INSTITUTO DE PESQUISA LTDA,INSTITUTO SETA DE PESQUISA,"Governador, Senador, Deputado Federal, Deputado Estadual",1500,26/03/2026,Galttieri Ferreira Tavares,"15000,00",2026-03-28 00:00:00,2026-03-25 18:31:37
RS053382026,RS,RIO GRANDE DO SUL,VERITAS PLANEJAMENTO E ASSESSORIA LTDA,VERITAS PLANEJAMENTO,"Governador, Senador",1000,26/03/2026,Érika Cristina Ferreira,"50000,00",2026-03-28 00:00:00,2026-03-25 21:12:58
PI084012026,PI,PIAUÍ,CENSUS INSTITUTO DE PESQUISAS EIRELI,CENSUS,"Governador, Senador, Deputado Federal, Deputado Estadual",300,26/03/2026,Laércio de Sousa Araújo,"8000,00",2026-03-27 00:00:00,2026-03-29 17:56:26
PB010682026,PB,PARAÍBA,SETA INSTITUTO DE PESQUISA LTDA,INSTITUTO SETA DE PESQUISA,"Governador, Senador, Deputado Federal, Deputado Estadual",400,26/02/2026,Galttieri Ferreira Tavares,"4500,00",2026-02-27 00:00:00,2026-02-27 23:22:10
PB031582026,PB,PARAÍBA,SETA INSTITUTO DE PESQUISA LTDA,INSTITUTO SETA DE PESQUISA,"Governador, Senador, Deputado Federal, Deputado Estadual",1500,26/02/2026,Galttieri Ferreira Tavares,"15000,00",2026-02-28 00:00:00,2026-02-27 23:10:38
SC060752026,SC,SANTA CATARINA,MAPA MARKETING E PARTICIPACOES LTDA,#NULO#,"Governador, Senador",1008,26/02/2026,Andrigo Rodrigues,"54000,00",2026-03-03 00:00:00,2026-02-25 22:40:36
PI017972026,PI,PIAUÍ,ROGERIO M. P. MOURA - ME,DATA MAX,"Governador, Senador, Deputado Federal, Deputado Estadual",500,26/02/2026,DAVID LEAL DE CARVALHO,"8000,00",2026-03-01 00:00:00,2026-03-07 10:15:44
GO075982026,GO,GOIÁS,"PODIUM CONSULTORIA, MARKETING, PESQUISAS E EDITORACAO LTDA",INSTITUTO PODIUM,Governador,350,26/02/2026,Alexandre Vasconcelos Lima,"6000,00",2026-02-27 00:00:00,2026-02-24 21:54:26
PA069642026,PA,PARÁ,DOXA ARTE & COMUNICAO S/S LTDA,DOXA,"Governador, Senador, Deputado Federal, Deputado Estadual",2000,26/01/2026,LUIZ CARLOS FERREIRA FEITOSA,"50000,00",2026-01-30 00:00:00,2026-01-27 15:44:47
RJ020022026,RJ,RIO DE JANEIRO,VETOR ARROW INSTITUTO DE PESQUISA E OPINIAO LTDA,#NULO#,"Governador, Senador, Deputado Federal, Deputado Estadual",14000,25/09/2026,Luciano Moura Silva,"140000,00",2026-09-28 00:00:00,2026-06-02 17:49:39
GO083382026,GO,GOIÁS,SMS - DIRECT PESQUISAS E MARKETING LTDA,DIRECT PESQUISAS,"Governador, Senador, Deputado Federal, Deputado Estadual",500,25/08/2026,Jose Dos Reis Cunha Filho,"6000,00",2026-08-26 00:00:00,2026-08-24 22:15:52
PI058522026,PI,PIAUÍ,INSTITUTO DATATRENDS LTDA,DATATRENDS,"Governador, Senador",1200,25/08/2026,Ythalo Hugo da Silva Santos,"15000,00",2026-08-27 00:00:00,2026-08-24 01:45:10
MG008282026,MG,MINAS GERAIS,SECTRAL SERVICOS E COMERCIO EM GERAL LTDA,SECTRAL NEGOCIOS,"Governador, Senador, Deputado Federal, Deputado Estadual",1100,25/08/2026,LINIANE GAZOLA,"11000,00",2026-08-29 00:00:00,2026-08-24 19:25:28
RN096982026,RN,RIO GRANDE DO NORTE,QUALITTA EMPREEDIMENTOS LTDA,QUALITTA EMPREENDIMENTOS,"Governador, Senador, Deputado Federal, Deputado Estadual",1200,25/08/2026,AUGUSTO DA SILVA ROCHA,"22000,00",2026-08-29 00:00:00,2026-08-24 23:22:51
TO029002026,TO,TOCANTINS,INSTITUTO PARANA DE PESQUISAS E ANALISE DE CONSUMIDOR LTDA,#NULO#,"Governador, Senador",1504,25/08/2026,Tatiani Cristina Ara,"210000,00",2026-08-27 00:00:00,2026-08-22 20:50:49
TO073492026,TO,TOCANTINS,W S EDITORA GIRASSOL LTDA,JORNAL O GIRASSOL,"Governador, Senador",1200,25/08/2026,JOAO SOARES DE ARAUJO NETO,"19500,00",2026-08-27 00:00:00,2026-08-25 00:24:26
PE022222026,PE,PERNAMBUCO,INSTITUTO DATATRENDS LTDA,DATATRENDS,"Governador, Senador",1200,25/08/2026,Ythalo Hugo da Silva Santos,"15000,00",2026-08-27 00:00:00,2026-08-23 19:20:38
PA077182026,PA,PARÁ,"QUAEST PESQUISAS, CONSULTORIA E PROJETOS LTDA.",#NULO#,"Governador, Senador",804,25/08/2026,Margarida Maria de Mendonca,"92259,00",2026-08-28 00:00:00,2026-08-23 08:57:27
MS071902026,MS,MATO GROSSO DO SUL,NOVA IBRAPE PESQUISAS DE OPINIAO PUBLICA LTDA,NOVO IBRAPE,"Governador, Senador",1000,25/07/2026,IVAN FERREIRA DOMINGUES,"29000,00",2026-07-29 00:00:00,2026-07-25 15:55:51
MA014552026,MA,MARANHÃO,INSTITUTO VERITA LTDA,VERITA,"Governador, Senador",1525,25/07/2026,Guilherme Alvarenga Laia,"77780,00",2026-07-29 00:00:00,2026-07-25 19:49:30
RN065792026,RN,RIO GRANDE DO NORTE,DATA CAPITAL PESQUISAS E CONSULTORIA LTDA,DATA CAPITAL PESQUISAS E CONSULTORIA,"Governador, Senador, Deputado Federal, Deputado Estadual, Deputado Distrital",2050,25/07/2026,THIAGO MOTA CARNEIRO,"18000,00",2026-07-28 00:00:00,2026-07-30 18:00:26
PB019092026,PB,PARAÍBA,SETA INSTITUTO DE PESQUISA LTDA,INSTITUTO SETA DE PESQUISA,"Governador, Senador, Deputado Federal, Deputado Estadual",1500,25/07/2026,Galttieri Ferreira Tavares,"21000,00",2026-07-27 00:00:00,2026-07-25 01:37:49
MG064752026,MG,MINAS GERAIS,REAL TIME MIDIA LTDA,REAL TIME BIG DATA,"Governador, Senador",2000,25/07/2026,Isabela Zara Cremoneze,"30000,00",2026-07-29 00:00:00,2026-07-24 21:32:34
SP085032026,SP,SÃO PAULO,RUMON MARKETING DIGITAL E PESQUISAS LTDA,ACADEMIA DE PESQUISA,"Governador, Deputado Estadual",4000,25/07/2026,AUGUSTO DA SILVA ROCHA,"8000,00",2026-07-25 00:00:00,2026-07-22 16:33:44
SP046242026,SP,SÃO PAULO,INSTITUTO PARANA DE PESQUISAS E ANALISE DE CONSUMIDOR LTDA,#NULO#,"Governador, Senador",1680,25/07/2026,Tatiani Cristina Ara,"50000,00",2026-07-28 00:00:00,2026-07-23 19:37:24
SP089392026,SP,SÃO PAULO,INSTITUTO VOX BRASIL OPINIAO E PESQUISAS LTDA,#NULO#,"Governador, Senador",1480,25/06/2026,GUILHERME COELHO NEVES,"50000,00",2026-06-27 00:00:00,2026-06-22 23:26:02
PB014022026,PB,PARAÍBA,SETA INSTITUTO DE PESQUISA LTDA,INSTITUTO SETA DE PESQUISA,"Governador, Senador, Deputado Federal, Deputado Estadual",1500,25/06/2026,Galttieri Ferreira Tavares,"24000,00",2026-06-27 00:00:00,2026-06-24 23:37:25
RN069332026,RN,RIO GRANDE DO NORTE,INSTITUTO DATA CENSUS POTIGUAR LTDA,#NULO#,"Governador, Senador, Deputado Federal, Deputado Estadual",2000,25/06/2026,KALLINE FABIANA SILVEIRA MARINHO,"10000,00",2026-06-29 00:00:00,2026-06-23 19:27:58
PI088532026,PI,PIAUÍ,IPPI PESQUISAS E CONSULTORIA LTDA,IPPI - PESQUISAS E CONSULTORIAS,"Governador, Senador, Deputado Federal, Deputado Estadual",400,25/05/2026,Antonio Alberto Ibiapina Costa Filho40,"5000,00",2026-05-28 00:00:00,2026-05-30 23:14:25
GO068172026,GO,GOIÁS,NUMEN DATA PESQUISA E CONSULTORIA LTDA,NUMEN DATA,"Governador, Senador",1500,25/05/2026,Lorena Maurícia Neris Silva,"21000,00",2026-05-26 00:00:00,2026-05-22 15:26:39
PB037482026,PB,PARAÍBA,REAL TIME MIDIA LTDA,REAL TIME BIG DATA,"Governador, Senador",1600,25/05/2026,Isabela Zara Cremoneze,"64000,00",2026-05-26 00:00:00,2026-05-21 22:05:50
PB009442026,PB,PARAÍBA,SETA INSTITUTO DE PESQUISA LTDA,INSTITUTO SETA DE PESQUISA,"Governador, Senador, Deputado Federal, Deputado Estadual",1500,25/05/2026,Galttieri Ferreira Tavares,"20000,00",2026-05-27 00:00:00,2026-05-25 17:10:49
PB000572026,PB,PARAÍBA,ANOVA - INOVACAO E INTELIGENCIA EM PESQUISAS LTDA,ANOVA INSTITUTO DE PESQUISA,"Governador, Senador",2000,25/05/2026,BRUNO AGRA FERREIRA,"20000,00",2026-05-27 00:00:00,2026-05-24 16:20:32
PE078882026,PE,PERNAMBUCO,DATAFOLHA INSTITUTO DE PESQUISAS LTDA.,#NULO#,"Governador, Senador",1022,25/05/2026,Renata Nunes Cesar,"115000,00",2026-05-27 00:00:00,2026-05-22 16:12:19
MS021392026,MS,MATO GROSSO DO SUL,OPINIAO ESTATISTICA EIRELI,INSTITUTO OPINIAO,"Governador, Senador",1000,25/05/2026,CLAUDIO RUI DOS SANTOS E SILVA,"76000,00",2026-05-27 00:00:00,2026-05-24 18:59:12
SE080592026,SE,SERGIPE,CTAS CAPACITACAO E CONSULTORIA LTDA,CTAS TECNOLOGIA,"Governador, Senador, Deputado Federal, Deputado Estadual",1224,25/04/2026,SIDNEY BARRETO BATISTA,"12000,00",2026-04-28 00:00:00,2026-04-24 17:23:27
PA051632026,PA,PARÁ,AMPLA PESQUISA DE OPINIAO PUBLICA LTDA,AMPLA VOX,"Governador, Senador",1500,25/04/2026,JADSON FERNANDES CHAVES,"50000,00",2026-04-29 00:00:00,2026-04-26 21:51:50
PI027962026,PI,PIAUÍ,OPINAR PESQUISAS LTDA.,OPINAR PESQUISAS,Senador,1200,25/04/2026,KLEISON DE PAIVA FREITAS,"67105,00",2026-04-27 00:00:00,2026-04-29 22:51:12
ES031762026,ES,ESPÍRITO SANTO,"QUAEST PESQUISAS, CONSULTORIA E PROJETOS LTDA.",#NULO#,"Governador, Senador",804,25/04/2026,Margarida Maria de Mendonça,"95877,00",2026-04-28 00:00:00,2026-04-24 18:01:50
AC029782026,AC,ACRE,F. FACANHA DE ALMEIDA,DELTA AGENCIA DE PESQUISA,"Governador, Senador",1006,25/04/2026,Alexandre Vasconcelos Lima,"33000,00",2026-04-30 00:00:00,2026-04-25 16:35:53
SE016102026,SE,SERGIPE,POSITIVA PESQUISAS LTDA,POSITIVA PESQUISAS,"Governador, Senador, Deputado Federal, Deputado Estadual",1200,25/04/2026,Danilo Messias Nascimento e Santos,"20000,00",2026-04-28 00:00:00,2026-04-24 15:41:48
PR001052026,PR,PARANÁ,ATLASINTEL TECNOLOGIA DE DADOS LTDA,ATLASINTEL,"Governador, Senador",1200,25/03/2026,ANDREI CAMILO DOS SANTOS,"75000,00",2026-03-30 00:00:00,2026-03-25 21:16:51
CE088762026,CE,CEARÁ,ATLASINTEL TECNOLOGIA DE DADOS LTDA,ATLASINTEL,"Governador, Senador",1200,25/03/2026,ANDREI CAMILO DOS SANTOS,"75000,00",2026-03-30 00:00:00,2026-03-25 21:18:06
SC052572026,SC,SANTA CATARINA,ATLASINTEL TECNOLOGIA DE DADOS LTDA,ATLASINTEL,Governador,1200,25/03/2026,ANDREI CAMILO DOS SANTOS,"75000,00",2026-03-30 00:00:00,2026-03-25 21:14:22
MG016642026,MG,MINAS GERAIS,ATLASINTEL TECNOLOGIA DE DADOS LTDA,ATLASINTEL,"Governador, Senador",2200,25/03/2026,ANDREI CAMILO DOS SANTOS,"75000,00",2026-03-30 00:00:00,2026-03-25 15:49:01
RS092032026,RS,RIO GRANDE DO SUL,INSTITUTO METHODUS ANALISE DE MERCADO SOCIEDADE SIMPLES LIMITADA,#NULO#,"Governador, Senador",1000,25/03/2026,Angela Maria da Silva,"45000,00",2026-03-30 00:00:00,2026-03-25 16:15:03
CE084782026,CE,CEARÁ,INSTITUTO PARANA DE PESQUISAS E ANALISE DE CONSUMIDOR LTDA,#NULO#,"Governador, Senador",1500,25/02/2026,Tatiani Cristina Ara,"130000,00",2026-02-28 00:00:00,2026-02-24 18:50:22
GO029012026,GO,GOIÁS,SMS - DIRECT PESQUISAS E MARKETING LTDA,DIRECT PESQUISAS,"Governador, Senador, Deputado Federal, Deputado Estadual",400,25/02/2026,José Dos Reis Cunha Filho,"3500,00",2026-02-26 00:00:00,2026-02-24 22:26:10
BA097402026,BA,BAHIA,SECULUS CONSULTORIA E ASSESSORIA LTDA ME,SECULUS CONSULTORIA E ASSESSORIA LTDA,"Governador, Senador",1535,25/02/2026,Danilio Silva Santos,"40000,00",2026-02-27 00:00:00,2026-02-26 10:17:32
RO020122026,RO,RONDÔNIA,J J COELHO,INSTITUTO PHOENIX & ASSOCIADOS,"Governador, Senador, Deputado Federal, Deputado Estadual",1200,25/02/2026,AUGUSTO DA SILVA ROCHA,"8250,00",2026-02-28 00:00:00,2026-02-25 09:27:43
AL056112026,AL,ALAGOAS,FALPE PESQUISAS S/S LTDA,PALPE PESQUISAS,"Governador, Senador, Deputado Federal, Deputado Estadual",1200,25/02/2026,Sueli das Graças Silva de Oliveira,"10000,00",2026-03-01 00:00:00,2026-02-24 12:07:47
ES074852026,ES,ESPÍRITO SANTO,INSTITUTO VERITA LTDA,VERITA,"Governador, Senador",1220,24/08/2026,Guilherme Alvarenga Laia,"93940,00",2026-08-28 00:00:00,2026-08-23 21:11:06
AM021512026,AM,AMAZONAS,INSTITUTO VERITA LTDA,VERITA,"Governador, Senador",1220,24/08/2026,Guilherme Alvarenga Laia,"93940,00",2026-08-28 00:00:00,2026-08-23 20:39:36
BA089902026,BA,BAHIA,100% CIDADES PARTICIPACOES LTDA,100 CIDADES,"Governador, Senador",1000,24/08/2026,FABIOLA MIRANDA VON RONDOW,"63400,00",2026-08-25 00:00:00,2026-08-21 18:43:50
PI060002026,PI,PIAUÍ,INSTITUTO VERITA LTDA,VERITA,"Governador, Senador",1220,24/08/2026,Guilherme Alvarenga Laia,"93940,00",2026-08-28 00:00:00,2026-08-23 21:33:39
AM049102026,AM,AMAZONAS,IGOR OLAVO RAMOS TAVARES,EFICAZ PESQUISAS & TECNOLOGIA,"Governador, Senador",1500,24/08/2026,ERICO JANDER DA SILVA LOPES,"37000,00",2026-08-27 00:00:00,2026-08-22 11:27:48
GO029982026,GO,GOIÁS,"PLURAL ASSESSORIA DE IMPRENSA, PESQUISA E JORNALISMO LTDA","PLURAL ASSESSORIA DE IMPRENSA, PESQUISA E JORNALISMO","Governador, Senador, Deputado Federal, Deputado Estadual",379,24/08/2026,Rui da Costa Abrantes,"9000,00",2026-08-25 00:00:00,2026-08-21 14:07:40
RJ060782026,RJ,RIO DE JANEIRO,INSTITUTO VERITA LTDA,VERITA,"Governador, Senador",2030,24/08/2026,Guilherme Alvarenga Laia,"156310,00",2026-08-28 00:00:00,2026-08-23 20:23:57
RR083232026,RR,RORAIMA,CENSUS INSTITUTO DE PESQUISA ESTATISTICA E TECNOLOGIA LTDA,CIPET,"Governador, Senador, Deputado Federal, Deputado Estadual",1500,24/08/2026,EZIO LACERDA LOPES,"30000,00",2026-08-30 00:00:00,2026-08-24 23:06:30
SC086942026,SC,SANTA CATARINA,NEOBE GESTAO E SERVICOS LTDA,NEOKEMP PESQUISAS,"Governador, Senador",1008,24/08/2026,LUCIA HELENA SILVA CARDOSO,"25000,00",2026-08-26 00:00:00,2026-08-20 17:58:14
RS065212026,RS,RIO GRANDE DO SUL,INSTITUTO VERITA LTDA,VERITA,"Governador, Senador",2020,24/08/2026,Guilherme Alvarenga Laia,"155540,00",2026-08-28 00:00:00,2026-08-23 20:30:43
AP053822026,AP,AMAPÁ,INSTITUTO VERITA LTDA,VERITA,"Governador, Senador",1030,24/08/2026,Guilherme Alvarenga Laia,"79310,00",2026-08-28 00:00:00,2026-08-23 20:57:27
PB075782026,PB,PARAÍBA,INSTITUTO VERITA LTDA,VERITA,"Governador, Senador",1220,24/08/2026,Guilherme Alvarenga Laia,"93940,00",2026-08-28 00:00:00,2026-08-23 21:22:03
RO034032026,RO,RONDÔNIA,INSTITUTO VERITA LTDA,VERITA,"Governador, Senador",1220,24/08/2026,Guilherme Alvarenga Laia,"93940,00",2026-08-28 00:00:00,2026-08-23 21:16:26
PR078452026,PR,PARANÁ,REAL TIME MIDIA LTDA,REAL TIME BIG DATA,"Governador, Senador",1600,24/08/2026,Isabela Zara Cremoneze,"24000,00",2026-08-27 00:00:00,2026-08-22 15:19:27
GO009542026,GO,GOIÁS,REAL TIME MIDIA LTDA,REAL TIME BIG DATA,"Governador, Senador",1600,24/08/2026,Isabela Zara Cremoneze,"24000,00",2026-08-27 00:00:00,2026-08-22 15:12:50
BA079242026,BA,BAHIA,100% CIDADES PARTICIPACOES LTDA,100 CIDADES,"Governador, Senador",1000,24/07/2026,FABIOLA MIRANDA VON RONDOW,"80000,00",2026-07-25 00:00:00,2026-07-28 15:11:47
PE048122026,PE,PERNAMBUCO,FOCUS PESQUISA LTDA,INSTITUTO FOCUS,"Governador, Senador, Deputado Federal, Deputado Estadual",400,24/07/2026,JERFSON BRUNO DO NASCIMENTO HONORIO,"5000,00",2026-07-25 00:00:00,2026-07-23 19:20:55
PE066412026,PE,PERNAMBUCO,BADRA COMUNICACAO LTDA,BADRA COMUNICACAO,Governador,1500,24/07/2026,Marcos Rogerio Simonetti,"18000,00",2026-07-29 00:00:00,2026-07-23 22:06:09
RS047902026,RS,RIO GRANDE DO SUL,"QUAEST PESQUISAS, CONSULTORIA E PROJETOS LTDA.",#NULO#,"Governador, Senador",1104,24/07/2026,Margarida Maria de Mendonca,"225272,26",2026-07-28 00:00:00,2026-07-24 17:18:02
PR031912026,PR,PARANÁ,IRG PESQUISAS LTDA,#NULO#,"Governador, Senador",1200,24/07/2026,DINARTE ORLANDI,"32000,00",2026-07-28 00:00:00,2026-07-23 23:26:02
CE092772026,CE,CEARÁ,"QUAEST PESQUISAS, CONSULTORIA E PROJETOS LTDA.",#NULO#,"Governador, Senador",1002,24/07/2026,Margarida Maria de Mendonca,"204886,90",2026-07-28 00:00:00,2026-07-24 19:19:28
GO017012026,GO,GOIÁS,"QUAEST PESQUISAS, CONSULTORIA E PROJETOS LTDA.",#NULO#,"Governador, Senador",1104,24/07/2026,Margarida Maria de Mendonca,"239169,82",2026-07-28 00:00:00,2026-07-24 19:09:43
GO015282026,GO,GOIÁS,INSTITUTO GAZETA LTDA,IGAPE- INSTITUTO GAZETA DE PEQUISAS,"Governador, Senador, Deputado Federal, Deputado Estadual",600,24/07/2026,FILIPE MOREIRA MARTINE,"4000,00",2026-07-27 00:00:00,2026-07-29 00:19:00
PE000282026,PE,PERNAMBUCO,ANDRE CAVALCANTE FALABELLA LTDA,INSTITUTO DE PESQUISA MULTIPLA,Governador,900,24/07/2026,Eduardo Jose Pereira da Costa,"20000,00",2026-07-26 00:00:00,2026-07-21 22:44:35
GO089632026,GO,GOIÁS,M.V. DE ALENCAR ISAAC INSTITUTO LUPA,LUPA INSTITUTO DE PESQUISA,Governador,1000,24/06/2026,Francy Anne Barbosa César,"22000,00",2026-06-30 00:00:00,2026-06-23 21:58:00
PB088262026,PB,PARAÍBA,INSTITUTO DE PESQUISA DE GESTAO E POLITICA PARAIBANO LTDA,INSTITUTO DE PESQUISA PODIUM,"Governador, Senador",1064,24/05/2026,Hildete Alves da Costa,"10640,00",2026-05-26 00:00:00,2026-05-27 21:59:45
GO077582026,GO,GOIÁS,SMS - DIRECT PESQUISAS E MARKETING LTDA,DIRECT PESQUISAS,"Governador, Senador, Deputado Federal, Deputado Estadual",1500,24/05/2026,José Dos Reis Cunha Filho,"12000,00",2026-05-26 00:00:00,2026-05-23 18:38:20
RS030002026,RS,RIO GRANDE DO SUL,"QUAEST PESQUISAS, CONSULTORIA E PROJETOS LTDA.",#NULO#,"Governador, Senador",1104,24/04/2026,Margarida Maria de Mendonça,"225272,25",2026-04-28 00:00:00,2026-04-24 15:28:22
CE017252026,CE,CEARÁ,"QUAEST PESQUISAS, CONSULTORIA E PROJETOS LTDA.",#NULO#,"Governador, Senador",1002,24/04/2026,Margarida Maria de Mendonça,"204886,89",2026-04-28 00:00:00,2026-04-24 15:53:13
PI064592026,PI,PIAUÍ,INSTITUTO CREDIBILIDADE LTDA,INSTITUTO CREDIBILIDADE,"Governador, Senador, Deputado Federal, Deputado Estadual",501,24/04/2026,DIOGENES VITOR DA SILVEIRA,"5000,00",2026-04-26 00:00:00,2026-04-27 20:52:46
GO002112026,GO,GOIÁS,"QUAEST PESQUISAS, CONSULTORIA E PROJETOS LTDA.",#NULO#,"Governador, Senador",1104,24/04/2026,Margarida Maria de Mendonça,"239169,81",2026-04-28 00:00:00,2026-04-24 16:19:36
MA069102026,MA,MARANHÃO,M D C LEMOS LTDA,INOP PREVISAO PESQUISAS SERVICOS E PUBLICIDADES,"Governador, Senador, Deputado Federal, Deputado Estadual",2588,24/04/2026,VITOR EMMANUEL BOUÇAS DA SILVA,"38000,00",2026-05-02 00:00:00,2026-05-02 11:45:31
GO082702026,GO,GOIÁS,SMS - DIRECT PESQUISAS E MARKETING LTDA,DIRECT PESQUISAS,"Governador, Senador, Deputado Federal, Deputado Estadual",350,24/04/2026,José Dos Reis Cunha Filho,"4000,00",2026-04-25 00:00:00,2026-04-27 22:37:30
MG099272026,MG,MINAS GERAIS,INSTITUTO VERITA LTDA,VERITA,"Governador, Senador, Deputado Federal, Deputado Estadual",2030,24/03/2026,GUILHERME ALVARENGA LAIA,"156310,00",2026-03-30 00:00:00,2026-03-23 23:28:14
TO045102026,TO,TOCANTINS,EXATA.GO PESQUISA LTDA,EXATA.GO,"Governador, Senador",1316,24/03/2026,AUGUSTO DA SILVA ROCHA,"5000,00",2026-03-27 00:00:00,2026-03-25 22:20:38
PB005922026,PB,PARAÍBA,INDICE INTELIGENCIA LTDA,INDICE INTELIGENCIA,"Governador, Senador, Deputado Federal, Deputado Estadual",1536,24/03/2026,Ianne Rafaella Santos Melo,"20000,00",2026-03-26 00:00:00,2026-03-23 12:56:43
RN099602026,RN,RIO GRANDE DO NORTE,INSTITUTO RANKING DE PESQUISA LTDA,INSTITUTO RANKING PESQUISA,"Governador, Senador",1500,24/03/2026,Isis Milane Batista de Lima,"22000,00",2026-03-26 00:00:00,2026-03-23 19:56:44
TO021352026,TO,TOCANTINS,INSTITUTO SONDA SERVICOS DE PESQUISA E PUBLICIDADE LTDA,INSTITUTO SONDA,"Governador, Senador, Deputado Federal, Deputado Estadual",330,24/03/2026,Marcelo Hidemi Uemura,"7000,00",2026-03-26 00:00:00,2026-03-23 21:27:53
PE021842026,PE,PERNAMBUCO,INSTITUTO VERITA LTDA,VERITA,"Governador, Senador, Deputado Federal, Deputado Estadual",2010,24/03/2026,GUILHERME ALVARENGA LAIA,"154770,00",2026-03-30 00:00:00,2026-03-23 23:22:51
MG078652026,MG,MINAS GERAIS,100% CIDADES PARTICIPACOES LTDA,100 CIDADES,"Governador, Senador",1200,24/03/2026,Fabíola Miranda von Rondow,"96000,00",2026-03-27 00:00:00,2026-03-26 14:40:56
SP008992026,SP,SÃO PAULO,ATLASINTEL TECNOLOGIA DE DADOS LTDA,ATLASINTEL,"Governador, Senador",2200,24/03/2026,ANDREI CAMILO DOS SANTOS,"75000,00",2026-03-29 00:00:00,2026-03-24 18:17:13
PI067852026,PI,PIAUÍ,INSTITUTO VERITA LTDA,VERITA,"Governador, Senador, Deputado Federal, Deputado Estadual",1220,24/03/2026,GUILHERME ALVARENGA LAIA,"93940,00",2026-03-30 00:00:00,2026-03-23 23:43:21
MS016682026,MS,MATO GROSSO DO SUL,NOVA IBRAPE PESQUISAS DE OPINIAO PUBLICA LTDA,NOVO IBRAPE,"Governador, Senador, Deputado Federal, Deputado Estadual, Deputado Distrital",1000,24/03/2026,ivan ferreira domingues,"29000,00",2026-03-29 00:00:00,2026-03-24 18:21:19
PA037252026,PA,PARÁ,INSTITUTO VERITA LTDA,VERITA,"Governador, Senador, Deputado Federal, Deputado Estadual",1525,24/03/2026,GUILHERME ALVARENGA LAIA,"117425,00",2026-03-30 00:00:00,2026-03-23 23:34:06
MS030772026,MS,MATO GROSSO DO SUL,INSTITUTO VERITA LTDA,VERITA,"Governador, Senador, Deputado Federal, Deputado Estadual",1220,24/03/2026,GUILHERME ALVARENGA LAIA,"93940,00",2026-03-30 00:00:00,2026-03-23 23:16:20
PB087992026,PB,PARAÍBA,INSTITUTO VERITA LTDA,VERITA,"Governador, Senador, Deputado Federal, Deputado Estadual",1220,24/03/2026,GUILHERME ALVARENGA LAIA,"93940,00",2026-03-30 00:00:00,2026-03-23 23:38:06
SE018162026,SE,SERGIPE,CTAS CAPACITACAO E CONSULTORIA LTDA,CTAS TECNOLOGIA,"Governador, Senador, Deputado Federal, Deputado Estadual, Deputado Distrital",1224,24/03/2026,SIDNEY BARRETO BATISTA,"25000,00",2026-03-27 00:00:00,2026-03-23 11:29:32
GO020442026,GO,GOIÁS,SMS - DIRECT PESQUISAS E MARKETING LTDA,DIRECT PESQUISAS,"Governador, Senador, Deputado Federal, Deputado Estadual",450,24/02/2026,José Dos Reis Cunha Filho,"4000,00",2026-02-25 00:00:00,2026-02-24 22:33:27
PR083182026,PR,PARANÁ,100% CIDADES PARTICIPACOES LTDA,100 CIDADES,"Governador, Senador",800,24/01/2026,Fabíola Miranda von Rondow,"64000,00",2026-01-27 00:00:00,2026-01-23 18:20:59
PB045832026,PB,PARAÍBA,ANOVA - INOVACAO E INTELIGENCIA EM PESQUISAS LTDA,ANOVA INSTITUTO DE PESQUISA,"Governador, Senador",2000,24/01/2026,BRUNO AGRA FERREIRA,"20000,00",2026-01-26 00:00:00,2026-01-22 22:22:25
PB028072026,PB,PARAÍBA,INSTITUTO DE PESQUISA DE GESTAO E POLITICA PARAIBANO LTDA,INSTITUTO DE PESQUISA PODIUM,Governador,833,24/01/2026,Hildete Alves da Costa,"10839,90",2026-01-31 00:00:00,2026-02-04 17:43:38
RN099082026,RN,RIO GRANDE DO NORTE,PARLA MENTORS CONSULTORIA LTDA,PARLA MENTORS CONSULTORIA,"Governador, Senador, Deputado Federal, Deputado Estadual",1500,23/08/2026,Jessica da Silva Braga,"20000,00",2026-08-27 00:00:00,2026-08-22 22:47:51
SE035362026,SE,SERGIPE,"QUAEST PESQUISAS, CONSULTORIA E PROJETOS LTDA.",#NULO#,"Governador, Senador",804,23/08/2026,Margarida Maria de Mendonca,"80400,00",2026-08-26 00:00:00,2026-08-21 11:34:42
RR047652026,RR,RORAIMA,"QUAEST PESQUISAS, CONSULTORIA E PROJETOS LTDA.",#NULO#,"Governador, Senador",804,23/08/2026,Margarida Maria de Mendonca,"132861,00",2026-08-26 00:00:00,2026-08-21 10:22:56
AC091062026,AC,ACRE,"QUAEST PESQUISAS, CONSULTORIA E PROJETOS LTDA.",#NULO#,"Governador, Senador",804,23/08/2026,Margarida Maria de Mendonca,"134871,00",2026-08-26 00:00:00,2026-08-21 10:05:06
ES044442026,ES,ESPÍRITO SANTO,"QUAEST PESQUISAS, CONSULTORIA E PROJETOS LTDA.",#NULO#,"Governador, Senador",804,23/08/2026,Margarida Maria de Mendonca,"95877,00",2026-08-26 00:00:00,2026-08-21 10:54:20
GO061862026,GO,GOIÁS,"QUAEST PESQUISAS, CONSULTORIA E PROJETOS LTDA.",#NULO#,"Governador, Senador",804,23/08/2026,Margarida Maria de Mendonca,"99093,00",2026-08-26 00:00:00,2026-08-21 14:56:11
AL037392026,AL,ALAGOAS,INSTITUTO RANKING DE PESQUISA LTDA,INSTITUTO RANKING PESQUISA,"Governador, Senador",1200,23/08/2026,Isis Milane Batista de Lima,"20000,00",2026-08-24 00:00:00,2026-08-22 20:06:16
MS065602026,MS,MATO GROSSO DO SUL,RANKING BRASIL INTELIGENCIA LTDA,RANKING BRASIL INTELIGENCIA,"Governador, Senador, Deputado Federal, Deputado Estadual",2000,23/08/2026,AUGUSTO DA SILVA ROCHA,"20000,00",2026-08-27 00:00:00,2026-08-22 09:44:21
BA076282026,BA,BAHIA,INSTITUTO PARANA DE PESQUISAS E ANALISE DE CONSUMIDOR LTDA,#NULO#,"Governador, Senador",1400,23/08/2026,Tatiani Cristina Ara,"45000,00",2026-08-25 00:00:00,2026-08-21 21:16:46
BA062062026,BA,BAHIA,"QUAEST PESQUISAS, CONSULTORIA E PROJETOS LTDA.",#NULO#,"Governador, Senador",900,23/08/2026,Margarida Maria de Mendonca,"130770,00",2026-08-26 00:00:00,2026-08-21 15:18:39
RN061562026,RN,RIO GRANDE DO NORTE,DATAVERO PESQUISA E CONSULTORIA LTDA,DATAVERO INSTITUTO DE PESQUISAS,"Governador, Senador, Deputado Federal, Deputado Estadual",1500,23/08/2026,PATRICIA VIANA DE LIMA,"20000,00",2026-08-25 00:00:00,2026-08-22 22:09:14
SP048462026,SP,SÃO PAULO,"QUAEST PESQUISAS, CONSULTORIA E PROJETOS LTDA.",#NULO#,"Governador, Senador",1650,23/07/2026,Margarida Maria de Mendonca,"279386,90",2026-07-27 00:00:00,2026-07-23 22:29:32
PI044882026,PI,PIAUÍ,CENSUS INSTITUTO DE PESQUISAS EIRELI,CENSUS,"Governador, Senador, Deputado Federal, Deputado Estadual",303,23/07/2026,LAERCIO DE SOUSA ARAUJO,"6500,00",2026-07-24 00:00:00,2026-07-25 21:36:50
RJ034872026,RJ,RIO DE JANEIRO,REAL TIME MIDIA LTDA,REAL TIME BIG DATA,"Governador, Senador",2000,23/07/2026,Isabela Zara Cremoneze,"30000,00",2026-07-27 00:00:00,2026-07-22 13:39:29
RN003372026,RN,RIO GRANDE DO NORTE,PERFIL PESQUISAS TECNICAS LTDA,PERFIL PESQUISAS TECNICAS,"Governador, Senador, Deputado Federal, Deputado Estadual",1600,23/07/2026,AMAURY MACEDO DO NASCIMENTO,"15000,00",2026-07-26 00:00:00,2026-07-23 17:41:09
RN030022026,RN,RIO GRANDE DO NORTE,MEDIA - INTELIGENCIA EM PESQUISA LTDA,MEDIA - INTELIGENCIA EM PESQUISA,"Governador, Senador, Deputado Federal, Deputado Estadual",500,23/07/2026,AUGUSTO DA SILVA ROCHA,"5000,00",2026-07-24 00:00:00,2026-07-22 16:25:54
MT022512026,MT,MATO GROSSO,PERCENT PESQUISA DE MERCADO E OPINIAO LTDA,PERCENT PESQUISA DE MERCADO E OPINIAO,"Governador, Senador, Deputado Federal, Deputado Estadual",1200,23/07/2026,Nathany Luzia de Oliveira,"29550,00",2026-07-27 00:00:00,2026-07-22 22:19:34
BA023312026,BA,BAHIA,"QUAEST PESQUISAS, CONSULTORIA E PROJETOS LTDA.",#NULO#,"Governador, Senador",1200,23/07/2026,Margarida Maria de Mendonca,"246482,02",2026-07-27 00:00:00,2026-07-23 20:05:10
GO076702026,GO,GOIÁS,INSTITUTO GAZETA LTDA,IGAPE- INSTITUTO GAZETA DE PEQUISAS,"Governador, Senador, Deputado Federal, Deputado Estadual",500,23/07/2026,FILIPE MOREIRA MARTINE,"3500,00",2026-07-25 00:00:00,2026-07-29 00:20:15
GO033102026,GO,GOIÁS,DIAGNOSTICO PESQUISAS DE COMPORTAMENTO EIRELI,DIAGNOSTICO PESQUISAS DE COMPORTAMENTO,"Governador, Senador, Deputado Estadual",1100,23/07/2026,Alexandre Vasconcelos Lima,"10000,00",2026-07-24 00:00:00,2026-07-21 22:22:50
AP037742026,AP,AMAPÁ,TOP COMERCIOS E SERVICOS LTDA,F5 PESQUISAS E CONSULTORIA,"Governador, Senador, Deputado Federal, Deputado Estadual, Deputado Distrital",1064,23/06/2026,LUIS VALBER RIOS ARCANJO,"10000,00",2026-06-27 00:00:00,2026-06-23 22:54:46
PA077342026,PA,PARÁ,SIMETRIA CONSULTORIA E PESQUISA LTDA,SIMETRIA,"Governador, Senador",1200,23/06/2026,RUI DA COSTA ABRANTES,"30000,00",2026-06-25 00:00:00,2026-06-22 14:40:31
CE080262026,CE,CEARÁ,INSTITUTO DATATRENDS LTDA,DATATRENDS,"Governador, Senador",1200,23/06/2026,Ythalo Hugo da Silva Santos,"15000,00",2026-06-25 00:00:00,2026-06-22 12:43:04
PA005402026,PA,PARÁ,BOAS IDEIAS INTELIGENCIA EM PESQUISA E ESTRATEGIA DIGITAL LTDA,"BOAS IDEIAS, ESTRATEGIA E INTELIGENCIA DIGITAL.","Governador, Senador",1000,23/05/2026,ADRIANA APARECIDA MARCAL,"37553,00",2026-05-27 00:00:00,2026-05-22 18:36:49
SE063842026,SE,SERGIPE,REAL TIME MIDIA LTDA,REAL TIME BIG DATA,"Governador, Senador",1600,23/05/2026,Isabela Zara Cremoneze,"64000,00",2026-05-25 00:00:00,2026-05-20 23:13:25
CE040072026,CE,CEARÁ,INSTITUTO VERITA LTDA,VERITA,"Governador, Senador",1525,23/04/2026,GUILHERME ALVARENGA LAIA,"117425,00",2026-04-27 00:00:00,2026-04-22 23:15:57
AL079562026,AL,ALAGOAS,INSTITUTO VERITA LTDA,VERITA,"Governador, Senador",1220,23/04/2026,GUILHERME ALVARENGA LAIA,"93940,00",2026-04-27 00:00:00,2026-04-22 22:58:41
SE007542026,SE,SERGIPE,"JR COMUNICACOES, SERVICOS E PESQUISAS LTDA","JR COMUNICACOES, SERVICOS E PESQUISAS","Governador, Senador",1312,23/04/2026,Flávio Ferreira da Conceição,"18000,00",2026-04-27 00:00:00,2026-04-23 19:10:13
SP035832026,SP,SÃO PAULO,"QUAEST PESQUISAS, CONSULTORIA E PROJETOS LTDA.",#NULO#,"Governador, Senador",1650,23/04/2026,Margarida Maria de Mendonça,"279386,89",2026-04-27 00:00:00,2026-04-23 18:04:58
PI075202026,PI,PIAUÍ,INSTITUTO CREDIBILIDADE LTDA,INSTITUTO CREDIBILIDADE,"Governador, Senador, Deputado Federal, Deputado Estadual",400,23/04/2026,DIOGENES VITOR DA SILVEIRA,"5000,00",2026-04-24 00:00:00,2026-04-27 11:25:48
BA036572026,BA,BAHIA,"QUAEST PESQUISAS, CONSULTORIA E PROJETOS LTDA.",#NULO#,"Governador, Senador",1200,23/04/2026,Margarida Maria de Mendonça,"246482,01",2026-04-27 00:00:00,2026-04-23 19:53:55
BA076372026,BA,BAHIA,INSTITUTO VERITA LTDA,VERITA,"Governador, Senador",2020,23/04/2026,GUILHERME ALVARENGA LAIA,"155540,00",2026-04-27 00:00:00,2026-04-22 23:08:03
ES090492026,ES,ESPÍRITO SANTO,INSTITUTO VERITA LTDA,VERITA,"Governador, Senador",1220,23/04/2026,GUILHERME ALVARENGA LAIA,"93940,00",2026-04-27 00:00:00,2026-04-22 23:24:09
GO015342026,GO,GOIÁS,SMS - DIRECT PESQUISAS E MARKETING LTDA,DIRECT PESQUISAS,"Governador, Senador, Deputado Federal, Deputado Estadual",1500,23/04/2026,José Dos Reis Cunha Filho,"5000,00",2026-04-25 00:00:00,2026-04-21 22:58:42
AC072342026,AC,ACRE,INSTITUTO VERITA LTDA,VERITA,"Governador, Senador",1030,23/04/2026,GUILHERME ALVARENGA LAIA,"79310,00",2026-04-27 00:00:00,2026-04-22 22:47:11
AP031702026,AP,AMAPÁ,INSTITUTO VERITA LTDA,VERITA,"Governador, Senador",1030,23/04/2026,GUILHERME ALVARENGA LAIA,"79310,00",2026-04-28 00:00:00,2026-04-23 21:32:41
AM033772026,AM,AMAZONAS,INSTITUTO VERITA LTDA,VERITA,"Governador, Senador",1220,23/04/2026,GUILHERME ALVARENGA LAIA,"93940,00",2026-04-28 00:00:00,2026-04-23 20:25:10
RN072402026,RN,RIO GRANDE DO NORTE,MEDIA - INTELIGENCIA EM PESQUISA LTDA,MEDIA - INTELIGENCIA EM PESQUISA,"Governador, Senador, Deputado Federal, Deputado Estadual",2000,23/03/2026,AUGUSTO DA SILVA ROCHA,"21000,00",2026-03-26 00:00:00,2026-03-23 15:38:23
TO022992026,TO,TOCANTINS,REAL TIME MIDIA LTDA,REAL TIME BIG DATA,"Governador, Senador",1600,23/03/2026,Isabela Zara Cremoneze,"64000,00",2026-03-24 00:00:00,2026-03-19 18:34:12
PI008172026,PI,PIAUÍ,CENSUS INSTITUTO DE PESQUISAS EIRELI,CENSUS,"Governador, Senador, Deputado Federal, Deputado Estadual",300,23/03/2026,Laércio de Sousa Araújo,"8000,00",2026-03-24 00:00:00,2026-03-25 22:16:15
RN071892026,RN,RIO GRANDE DO NORTE,PNH PESQUISA DE MERCADO E OPINIAO PUBLICA LTDA.,AFFARE INSTITUTE,"Governador, Senador",1500,23/03/2026,Emídio Cavalcanti de Albuquerque,"22500,00",2026-03-26 00:00:00,2026-03-22 13:02:53
AP065952026,AP,AMAPÁ,ATLASINTEL TECNOLOGIA DE DADOS LTDA,ATLASINTEL,"Governador, Senador",1000,23/03/2026,ANDREI CAMILO DOS SANTOS,"75000,00",2026-03-28 00:00:00,2026-03-23 19:13:33
PI000222026,PI,PIAUÍ,INSTITUTO PIAUIENSE DE OPINIAO PUBLICA LTDA - EPP,AMOSTRAGEM OPINIAO E MERCADO,"Governador, Senador, Deputado Federal, Deputado Estadual",1137,23/03/2026,JOÃO BATISTA MENDES TELES,"70000,00",2026-03-27 00:00:00,2026-03-27 19:09:16
PE017152026,PE,PERNAMBUCO,INSTITUTO DATATRENDS LTDA,DATATRENDS,"Governador, Senador",1200,23/02/2026,Ythalo Hugo da Silva Santos,"15000,00",2026-02-24 00:00:00,2026-02-20 00:00:00
PI030252026,PI,PIAUÍ,CENSUS INSTITUTO DE PESQUISAS EIRELI,CENSUS,"Governador, Senador, Deputado Federal, Deputado Estadual",400,23/02/2026,Laércio de Sousa Araújo,"8000,00",2026-02-24 00:00:00,2026-02-26 12:01:42
SP007812026,SP,SÃO PAULO,BADRA COMUNICACAO LTDA,BADRA COMUNICACAO,"Governador, Senador, Deputado Federal, Deputado Estadual",3000,23/02/2026,Marcos Rogerio Simonetti,"8000,00",2026-02-27 00:00:00,2026-02-21 11:49:48
AL039742026,AL,ALAGOAS,GRUPO DE PESQUISA SAO JUDAS TADEU LTDA,TDL PESQUISA,"Governador, Senador",1200,23/01/2026,Denivaldo da Conceição Fernandes de Oliveira,"42000,00",2026-01-25 00:00:00,2026-01-22 12:03:55
TO022512026,TO,TOCANTINS,LUCRO ATIVO LTDA,LUCRO ATIVO,"Governador, Senador, Deputado Federal, Deputado Estadual",1600,23/01/2026,Galttieri ferreira Tavares ,"15000,00",2026-01-27 00:00:00,2026-01-26 09:32:24
RJ064002026,RJ,RIO DE JANEIRO,VETOR ARROW INSTITUTO DE PESQUISA E OPINIAO LTDA,#NULO#,"Governador, Senador, Deputado Federal, Deputado Estadual",14000,22/08/2026,Luciano Moura Silva,"140000,00",2026-08-25 00:00:00,2026-06-02 16:44:11
SE007832026,SE,SERGIPE,EIPE - EXCLUSIVO INSTITUTO DE PESQUISA E ENSINO LTDA,EIPE - EXCLUSIVO INSTITUTO DE PESQUISA E ENSINO,Senador,1206,22/08/2026,Ralbert de Almeida Menezes,"30000,00",2026-08-26 00:00:00,2026-08-22 11:22:14
PB047242026,PB,PARAÍBA,INSTITUTO DE PESQUISA DE GESTAO E POLITICA PARAIBANO LTDA,INSTITUTO DE PESQUISA PODIUM,"Governador, Senador",374,22/08/2026,Hildete Alves da Costa,"4862,00",2026-08-24 00:00:00,2026-08-24 21:31:45
PE013702026,PE,PERNAMBUCO,ANDRE CAVALCANTE FALABELLA LTDA,INSTITUTO DE PESQUISA MULTIPLA,"Governador, Senador, Deputado Federal, Deputado Estadual",900,22/08/2026,Eduardo Jose Pereira da Costa,"20000,00",2026-08-24 00:00:00,2026-08-20 16:27:32
MG079722026,MG,MINAS GERAIS,REAL TIME MIDIA LTDA,REAL TIME BIG DATA,"Governador, Senador",2000,22/08/2026,Isabela Zara Cremoneze,"30000,00",2026-08-26 00:00:00,2026-08-21 16:04:39
TO070462026,TO,TOCANTINS,VOZ E PESQUISA TOCANTINS LTDA,#NULO#,"Governador, Senador",1250,22/08/2026,Joao Soares de Araujo Neto,"19000,00",2026-08-26 00:00:00,2026-08-21 15:12:22
ES050962026,ES,ESPÍRITO SANTO,REAL TIME MIDIA LTDA,REAL TIME BIG DATA,"Governador, Senador",1600,22/08/2026,Isabela Zara Cremoneze,"24000,00",2026-08-26 00:00:00,2026-08-21 15:46:18
RJ024222026,RJ,RIO DE JANEIRO,INSTITUTO PARANA DE PESQUISAS E ANALISE DE CONSUMIDOR LTDA,#NULO#,"Governador, Senador",1600,22/08/2026,Tatiani Cristina Ara,"45000,00",2026-08-24 00:00:00,2026-08-19 21:20:41
ES025302026,ES,ESPÍRITO SANTO,INSTITUTO PARANA DE PESQUISAS E ANALISE DE CONSUMIDOR LTDA,#NULO#,"Governador, Senador",1504,22/08/2026,Tatiani Cristina Ara,"45000,00",2026-08-26 00:00:00,2026-08-22 20:07:09
AC010692026,AC,ACRE,REAL TIME MIDIA LTDA,REAL TIME BIG DATA,"Governador, Senador",1600,22/07/2026,Isabela Zara Cremoneze,"24000,00",2026-07-25 00:00:00,2026-07-21 20:19:41
RN022772026,RN,RIO GRANDE DO NORTE,TS2 SOLUCOES EMPRESARIAL LTDA,TS2 SOLUCOES,"Governador, Senador, Deputado Federal, Deputado Estadual",1800,22/07/2026,Izabelly Cristina Mendes Tinoco,"46204,00",2026-07-27 00:00:00,2026-07-21 19:25:13
PE096492026,PE,PERNAMBUCO,"QUAEST PESQUISAS, CONSULTORIA E PROJETOS LTDA.",#NULO#,"Governador, Senador",900,22/07/2026,Margarida Maria de Mendonca,"183218,60",2026-07-26 00:00:00,2026-07-22 17:10:06
SC021942026,SC,SANTA CATARINA,NEOBE GESTAO E SERVICOS LTDA,NEOKEMP PESQUISAS,"Governador, Senador",1008,22/07/2026,Lucia Helena Silva Cardoso,"25000,00",2026-07-24 00:00:00,2026-07-21 17:40:04
CE057392026,CE,CEARÁ,INTELIGENCIA EM PESQUISA E CONSULTORIA LTDA,IPEC,"Governador, Senador",800,22/07/2026,MARCIA CAVALLARI NUNES,"90000,00",2026-07-28 00:00:00,2026-07-22 14:18:08
PE002972026,PE,PERNAMBUCO,IPESPE INST DE PESQUISAS SOCIAIS POLITICAS E ECONOMICAS,#NULO#,"Governador, Senador",1000,22/07/2026,Suely Albuquerque Lino da Silva,"60000,00",2026-07-25 00:00:00,2026-07-22 22:24:21
MG034902026,MG,MINAS GERAIS,"QUAEST PESQUISAS, CONSULTORIA E PROJETOS LTDA.",#NULO#,"Governador, Senador",1482,22/07/2026,Margarida Maria de Mendonca,"233840,06",2026-07-26 00:00:00,2026-07-22 20:44:10
PI031902026,PI,PIAUÍ,INTENCAO INSTITUTO DE PESQUISA LTDA,INTENCAO INSTITUTO DE PEQUISA,"Governador, Senador, Deputado Federal, Deputado Estadual",300,22/07/2026,LAERCIO DE SOUSA ARAUJO,"4000,00",2026-07-24 00:00:00,2026-07-25 18:14:25
RN079662026,RN,RIO GRANDE DO NORTE,ERIVALDO TRINDADE DE ARAUJO,ITEM PESQUISAS TECNICAS,"Governador, Senador, Deputado Federal, Deputado Estadual, Deputado Distrital",1250,22/06/2026,ALDINE ANDREA DE O SOUZA CABRAL,"15000,00",2026-06-24 00:00:00,2026-06-19 20:37:05
PB038622026,PB,PARAÍBA,INSTITUTO RANKING DE PESQUISA LTDA,INSTITUTO RANKING PESQUISA,"Governador, Senador, Deputado Federal, Deputado Estadual",2000,22/05/2026,Isis Milane Batista de Lima,"15000,00",2026-05-25 00:00:00,2026-05-21 22:08:19
RN022672026,RN,RIO GRANDE DO NORTE,ATLASINTEL TECNOLOGIA DE DADOS LTDA,ATLASINTEL,"Governador, Senador",1000,22/05/2026,ANDREI CAMILO DOS SANTOS,"60000,00",2026-05-27 00:00:00,2026-05-22 17:23:23
ES084692026,ES,ESPÍRITO SANTO,INSTITUTO VERITA LTDA,VERITA,"Governador, Senador",1220,22/05/2026,GUILHERME ALVARENGA LAIA,"93940,00",2026-05-26 00:00:00,2026-05-21 22:11:14
AC033332026,AC,ACRE,INSTITUTO VERITA LTDA,VERITA,"Governador, Senador",1030,22/05/2026,GUILHERME ALVARENGA LAIA,"79310,00",2026-05-26 00:00:00,2026-05-21 20:51:14
AL013992026,AL,ALAGOAS,INSTITUTO VERITA LTDA,VERITA,"Governador, Senador",1220,22/05/2026,GUILHERME ALVARENGA LAIA,"93940,00",2026-05-26 00:00:00,2026-05-21 20:58:37
CE004182026,CE,CEARÁ,INSTITUTO VERITA LTDA,VERITA,"Governador, Senador",1525,22/05/2026,GUILHERME ALVARENGA LAIA,"117425,00",2026-05-26 00:00:00,2026-05-21 21:16:17
AM033872026,AM,AMAZONAS,INSTITUTO VERITA LTDA,VERITA,"Governador, Senador",1220,22/05/2026,GUILHERME ALVARENGA LAIA,"93940,00",2026-05-26 00:00:00,2026-05-21 21:04:35
BA000802026,BA,BAHIA,INSTITUTO VERITA LTDA,VERITA,"Governador, Senador",2020,22/05/2026,GUILHERME ALVARENGA LAIA,"155540,00",2026-05-26 00:00:00,2026-05-23 18:51:15
SP052632026,SP,SÃO PAULO,INSTITUTO VERITA LTDA,VERITA,"Governador, Senador",3025,22/05/2026,GUILHERME ALVARENGA LAIA,"232925,00",2026-05-26 00:00:00,2026-05-21 21:48:12
PI046652026,PI,PIAUÍ,INSTITUTO VERITA LTDA,VERITA,"Governador, Senador",1220,22/05/2026,GUILHERME ALVARENGA LAIA,"93940,00",2026-05-26 00:00:00,2026-05-21 21:42:13
SP087032026,SP,SÃO PAULO,INSTITUTO VOX BRASIL OPINIAO E PESQUISAS LTDA,#NULO#,"Governador, Senador",1480,22/04/2026,GUILHERME COELHO NEVES,"50000,00",2026-04-25 00:00:00,2026-04-20 14:20:15
MG086462026,MG,MINAS GERAIS,"QUAEST PESQUISAS, CONSULTORIA E PROJETOS LTDA.",#NULO#,"Governador, Senador",1482,22/04/2026,Margarida Maria de Mendonça,"233840,06",2026-04-26 00:00:00,2026-04-22 16:16:48
RO011862026,RO,RONDÔNIA,INSTITUTO NOVO PERFIL PESQUISAS LTDA,PERFIL PESQUISAS,Governador,1068,22/04/2026,JOSÉ AILTON ALENCAR DA SILVA,"26000,00",2026-04-28 00:00:00,2026-04-22 22:23:15
AL092992026,AL,ALAGOAS,INSTITUTO DATATRENDS LTDA,DATATRENDS,"Governador, Senador",1200,22/04/2026,Ythalo Hugo da Silva Santos,"15000,00",2026-04-23 00:00:00,2026-04-20 20:51:28
PE089042026,PE,PERNAMBUCO,"QUAEST PESQUISAS, CONSULTORIA E PROJETOS LTDA.",#NULO#,"Governador, Senador",900,22/04/2026,Margarida Maria de Mendonça,"183218,59",2026-04-26 00:00:00,2026-04-22 18:20:33
ES097282026,ES,ESPÍRITO SANTO,"QUAEST PESQUISAS, CONSULTORIA E PROJETOS LTDA.",#NULO#,"Governador, Senador",1104,22/03/2026,Margarida Maria de Mendonça,"194810,00",2026-03-25 00:00:00,2026-03-22 22:30:06
SE051982026,SE,SERGIPE,POSITIVA PESQUISAS LTDA,POSITIVA PESQUISAS,"Governador, Senador, Deputado Federal, Deputado Estadual",1200,22/03/2026,Danilo Messias Nascimento e Santos,"16000,00",2026-03-25 00:00:00,2026-03-21 14:17:57
RN063282026,RN,RIO GRANDE DO NORTE,QUALITTA EMPREEDIMENTOS LTDA,QUALITTA EMPREENDIMENTOS,"Governador, Senador",1200,22/03/2026,AUGUSTO DA SILVA ROCHA,"18000,00",2026-03-25 00:00:00,2026-03-21 15:22:29
AC034662026,AC,ACRE,DATA CONTROL INSTITUTO DE PESQUISA LTDA - ME,DATA CONTROL INSTITUTO DE PESQUISA,"Governador, Senador",1354,22/03/2026,JOSÉ AILTON ALENCAR DA SILVA,"35000,00",2026-03-29 00:00:00,2026-03-26 00:01:41
GO033242026,GO,GOIÁS,SMS - DIRECT PESQUISAS E MARKETING LTDA,DIRECT PESQUISAS,"Governador, Senador, Deputado Federal, Deputado Estadual",1200,22/02/2026,José Dos Reis Cunha Filho,"10000,00",2026-02-25 00:00:00,2026-02-21 23:34:07
GO080462026,GO,GOIÁS,SMS - DIRECT PESQUISAS E MARKETING LTDA,DIRECT PESQUISAS,"Governador, Senador, Deputado Federal, Deputado Estadual",600,22/02/2026,José Dos Reis Cunha Filho,"5000,00",2026-02-24 00:00:00,2026-02-22 20:36:14
PE088582026,PE,PERNAMBUCO,CONTEXTTO PESQUISAS DE MERCADO E OPINIAO LTDA,CONTEXTTO E REVILLO,"Governador, Senador",1200,21/08/2026,JULYANA KELLY TAVARES DE ARAUJO,"50000,00",2026-08-24 00:00:00,2026-08-18 21:14:53
RO057112026,RO,RONDÔNIA,"QUAEST PESQUISAS, CONSULTORIA E PROJETOS LTDA.",#NULO#,"Governador, Senador",804,21/08/2026,Margarida Maria de Mendonca,"131253,00",2026-08-24 00:00:00,2026-08-19 16:33:07
PB078502026,PB,PARAÍBA,"QUAEST PESQUISAS, CONSULTORIA E PROJETOS LTDA.",#NULO#,"Governador, Senador",804,21/08/2026,Margarida Maria de Mendonca,"97887,00",2026-08-24 00:00:00,2026-08-19 19:19:36
PE016212026,PE,PERNAMBUCO,MESQUITA TOTAL BRASIL LTDA,INSTITUTO REVISTA TOTAL BRASIL,"Governador, Senador",1500,21/08/2026,Izadora Zdanowsky Calmon dos Reis Pimentel,"38000,00",2026-08-25 00:00:00,2026-08-21 11:15:33
SE034772026,SE,SERGIPE,"ECM - EDICAO, COMUNICACAO & MARKETING LTDA",ECM-PESQUISAS,Governador,1200,21/08/2026,FLAVIO FERREIRA DA CONCEICAO,"14000,00",2026-08-23 00:00:00,2026-08-20 22:58:15
MG040602026,MG,MINAS GERAIS,"QUAEST PESQUISAS, CONSULTORIA E PROJETOS LTDA.",#NULO#,"Governador, Senador",1506,21/08/2026,Margarida Maria de Mendonca,"212346,00",2026-08-24 00:00:00,2026-08-19 14:29:13
RJ087482026,RJ,RIO DE JANEIRO,"QUAEST PESQUISAS, CONSULTORIA E PROJETOS LTDA.",#NULO#,"Governador, Senador",1302,21/08/2026,Margarida Maria de Mendonca,"158844,00",2026-08-24 00:00:00,2026-08-19 18:03:38
PE078282026,PE,PERNAMBUCO,"QUAEST PESQUISAS, CONSULTORIA E PROJETOS LTDA.",#NULO#,"Governador, Senador",1302,21/08/2026,Margarida Maria de Mendonca,"173166,00",2026-08-24 00:00:00,2026-08-19 15:52:40
RN069532026,RN,RIO GRANDE DO NORTE,PERFIL PESQUISAS TECNICAS LTDA,PERFIL PESQUISAS TECNICAS,"Governador, Senador, Deputado Federal, Deputado Estadual",700,21/08/2026,AMAURY MACEDO DO NASCIMENTO,"7000,00",2026-08-23 00:00:00,2026-08-24 17:51:39
AL072862026,AL,ALAGOAS,GRUPO DE PESQUISA SAO JUDAS TADEU LTDA,TDL PESQUISA,"Governador, Senador",1200,21/08/2026,Denivaldo da Conceicao Fernandes de Oliveira,"47000,00",2026-08-23 00:00:00,2026-08-19 23:22:09
SP069462026,SP,SÃO PAULO,"QUAEST PESQUISAS, CONSULTORIA E PROJETOS LTDA.",#NULO#,"Governador, Senador",1800,21/08/2026,Margarida Maria de Mendonca,"216900,00",2026-08-24 00:00:00,2026-08-19 15:10:54
MT021572026,MT,MATO GROSSO,INSTITUTO PARANA DE PESQUISAS E ANALISE DE CONSUMIDOR LTDA,#NULO#,"Governador, Senador",1504,21/08/2026,Tatiani Cristina Ara,"45000,00",2026-08-23 00:00:00,2026-08-18 20:20:25
TO021612026,TO,TOCANTINS,"QUAEST PESQUISAS, CONSULTORIA E PROJETOS LTDA.",#NULO#,"Governador, Senador",804,21/08/2026,Margarida Maria de Mendonca,"117384,00",2026-08-24 00:00:00,2026-08-19 17:05:30
RN089892026,RN,RIO GRANDE DO NORTE,CONSULTORIA E PESQUISA TECNICA LTDA,CONSULT PESQUISA,"Governador, Senador, Deputado Federal, Deputado Estadual",1700,21/08/2026,Paulo de Tarso Teixeira Ferreira,"40000,00",2026-08-23 00:00:00,2026-08-21 10:52:02
AM045952026,AM,AMAZONAS,"QUAEST PESQUISAS, CONSULTORIA E PROJETOS LTDA.",#NULO#,"Governador, Senador",804,21/08/2026,Margarida Maria de Mendonca,"124620,00",2026-08-24 00:00:00,2026-08-19 17:39:19
PB012882026,PB,PARAÍBA,INSTITUTO DE PESQUISA DE GESTAO E POLITICA PARAIBANO LTDA,INSTITUTO DE PESQUISA PODIUM,"Governador, Senador",384,21/08/2026,Hildete Alves da Costa,"4992,00",2026-08-21 00:00:00,2026-08-21 18:54:44
GO011612026,GO,GOIÁS,INSTITUTO GAZETA LTDA,IGAPE- INSTITUTO GAZETA DE PEQUISAS,"Governador, Senador, Deputado Federal, Deputado Estadual",600,21/08/2026,FILIPE MOREIRA MARTINE,"5000,00",2026-08-24 00:00:00,2026-08-24 23:23:27
AM099652026,AM,AMAZONAS,REAL TIME MIDIA LTDA,REAL TIME BIG DATA,"Governador, Senador",1600,21/08/2026,Isabela Zara Cremoneze,"24000,00",2026-08-25 00:00:00,2026-08-20 20:05:58
MT048462026,MT,MATO GROSSO,"QUAEST PESQUISAS, CONSULTORIA E PROJETOS LTDA.",#NULO#,"Governador, Senador",804,21/08/2026,Margarida Maria de Mendonca,"104118,00",2026-08-24 00:00:00,2026-08-19 16:48:33
MS007932026,MS,MATO GROSSO DO SUL,"QUAEST PESQUISAS, CONSULTORIA E PROJETOS LTDA.",#NULO#,"Governador, Senador",804,21/08/2026,Margarida Maria de Mendonca,"104922,00",2026-08-24 00:00:00,2026-08-19 15:54:35
TO096652026,TO,TOCANTINS,REAL TIME MIDIA LTDA,REAL TIME BIG DATA,"Governador, Senador",1600,21/08/2026,Isabela Zara Cremoneze,"24000,00",2026-08-25 00:00:00,2026-08-20 08:23:13
AP094382026,AP,AMAPÁ,"QUAEST PESQUISAS, CONSULTORIA E PROJETOS LTDA.",#NULO#,"Governador, Senador",804,21/08/2026,Margarida Maria de Mendonca,"128841,00",2026-08-24 00:00:00,2026-08-19 18:57:27
PI077572026,PI,PIAUÍ,INSTITUTO CREDIBILIDADE LTDA,INSTITUTO CREDIBILIDADE,"Governador, Senador, Deputado Federal, Deputado Estadual",473,21/08/2026,DIOGENES VITOR DA SILVEIRA,"6000,00",2026-08-22 00:00:00,2026-08-23 17:00:12
SP033412026,SP,SÃO PAULO,INSTITUTO VOX BRASIL OPINIAO E PESQUISAS LTDA,#NULO#,"Governador, Senador, Deputado Federal, Deputado Estadual",1200,21/07/2026,GUILHERME COELHO NEVES,"15000,00",2026-07-22 00:00:00,2026-07-20 22:33:48
RJ026712026,RJ,RIO DE JANEIRO,"QUAEST PESQUISAS, CONSULTORIA E PROJETOS LTDA.",#NULO#,"Governador, Senador",1200,21/07/2026,Margarida Maria de Mendonca,"205008,84",2026-07-25 00:00:00,2026-07-21 20:56:30
PA045482026,PA,PARÁ,"QUAEST PESQUISAS, CONSULTORIA E PROJETOS LTDA.",#NULO#,"Governador, Senador",900,21/07/2026,Margarida Maria de Mendonca,"181155,11",2026-07-25 00:00:00,2026-07-21 21:17:59
MA096772026,MA,MARANHÃO,LAIS CRISTINA RODRIGUES DE OLIVEIRA LTDA,IPSENSUS PESQUISAS,"Governador, Senador, Deputado Federal, Deputado Estadual",1800,21/07/2026,AUGUSTO DA SILVA ROCHA,"15000,00",2026-07-25 00:00:00,2026-07-23 21:55:03
TO068332026,TO,TOCANTINS,INSTITUTO PARANA DE PESQUISAS E ANALISE DE CONSUMIDOR LTDA,#NULO#,"Governador, Senador",1300,21/07/2026,Tatiani Cristina Ara,"45000,00",2026-07-24 00:00:00,2026-07-19 17:06:04
TO004372026,TO,TOCANTINS,LUCRO ATIVO LTDA,LUCRO ATIVO,"Governador, Senador, Deputado Federal, Deputado Estadual",1500,21/07/2026,Galttieri Ferreira Tavares,"20000,00",2026-07-25 00:00:00,2026-07-20 22:10:01
PR048182026,PR,PARANÁ,"QUAEST PESQUISAS, CONSULTORIA E PROJETOS LTDA.",#NULO#,"Governador, Senador",1104,21/07/2026,Margarida Maria de Mendonca,"215479,58",2026-07-25 00:00:00,2026-07-21 20:39:04
MT056752026,MT,MATO GROSSO,INSTITUTO MAIS,INSTITUTO MAIS,"Governador, Senador, Deputado Federal, Deputado Estadual",1200,21/07/2026,AUGUSTO DA SILVA ROCHA,"9500,00",2026-07-26 00:00:00,2026-07-21 19:19:59
SE019522026,SE,SERGIPE,CTAS CAPACITACAO E CONSULTORIA LTDA,CTAS TECNOLOGIA,"Governador, Senador, Deputado Federal, Deputado Estadual",1224,21/07/2026,Sidney Barreto Batista,"25000,00",2026-07-24 00:00:00,2026-07-21 19:49:22
RR060082026,RR,RORAIMA,INSTITUTO DE PESQUISA INOPE EXCELENCIA LTDA,INST. DO NORTE DE OPINIAO PUBLICA E ESTATISTICA - INOPE,Governador,2000,21/06/2026,Alan Ioshikazu Ofuji,"20000,00",2026-06-21 00:00:00,2026-06-15 15:28:06
SE060092026,SE,SERGIPE,INOR - INSTITUTO DE PESQUISA DO NORDESTE LTDA,#NULO#,"Governador, Senador",1070,21/05/2026,DRIELLY JULIANNE RODRIGUES SANTOS,"20000,00",2026-05-24 00:00:00,2026-05-21 21:24:29
RN064222026,RN,RIO GRANDE DO NORTE,MEDIA - INTELIGENCIA EM PESQUISA LTDA,MEDIA - INTELIGENCIA EM PESQUISA,"Governador, Senador, Deputado Federal, Deputado Estadual",2000,21/05/2026,AUGUSTO DA SILVA ROCHA,"20000,00",2026-05-27 00:00:00,2026-05-23 19:49:18
CE093302026,CE,CEARÁ,INSTITUTO OPINIAO DE GESTAO E PESQUISAS LTDA,INSTITUTO OPINIAO,Governador,1537,21/05/2026,Raimundo Nonato Castro da Silva,"50000,00",2026-05-24 00:00:00,2026-05-21 14:49:51
RJ049972026,RJ,RIO DE JANEIRO,INSTITUTO PARANA DE PESQUISAS E ANALISE DE CONSUMIDOR LTDA,#NULO#,"Governador, Senador",1680,21/04/2026,Tatiani Cristina Ara,"45000,00",2026-04-23 00:00:00,2026-04-18 19:47:07
PR025882026,PR,PARANÁ,"QUAEST PESQUISAS, CONSULTORIA E PROJETOS LTDA.",#NULO#,"Governador, Senador",1104,21/04/2026,Margarida Maria de Mendonça,"215479,57",2026-04-25 00:00:00,2026-04-21 16:41:57
PA093052026,PA,PARÁ,"QUAEST PESQUISAS, CONSULTORIA E PROJETOS LTDA.",#NULO#,"Governador, Senador",900,21/04/2026,Margarida Maria de Mendonça,"181155,18",2026-04-25 00:00:00,2026-04-21 15:57:40
RJ006132026,RJ,RIO DE JANEIRO,"QUAEST PESQUISAS, CONSULTORIA E PROJETOS LTDA.",#NULO#,"Governador, Senador",1200,21/04/2026,Margarida Maria de Mendonça,"205008,84",2026-04-25 00:00:00,2026-04-21 15:05:30
SE067462026,SE,SERGIPE,OSCAR WAGNER DE SOUZA FERREIRA,W1 WEBTV,"Governador, Senador",1000,21/03/2026,DANILO MESSIAS NASCIMENTO E SANTOS,"26000,00",2026-03-26 00:00:00,2026-03-23 17:10:54
MT062412026,MT,MATO GROSSO,REAL TIME MIDIA LTDA,REAL TIME BIG DATA,"Governador, Senador",1600,21/03/2026,Isabela Zara Cremoneze,"64000,00",2026-03-23 00:00:00,2026-03-18 15:18:11
GO002672026,GO,GOIÁS,INSTITUTO VERITA LTDA,VERITA,"Governador, Senador, Deputado Federal, Deputado Estadual",1525,21/03/2026,GUILHERME ALVARENGA LAIA,"117425,00",2026-03-25 00:00:00,2026-03-20 23:20:08
GO041492026,GO,GOIÁS,INSTITUTO GAZETA LTDA,IGAPE- INSTITUTO GAZETA DE PEQUISAS,"Governador, Senador, Deputado Federal, Deputado Estadual",1200,21/03/2026,FILIPE MOREIRA MARTINE,"4000,00",2026-03-24 00:00:00,2026-03-19 22:47:59
MG025612026,MG,MINAS GERAIS,INPAC INSTITUTO DE PESQUISAS APLICADAS E CONSULTORIA LTDA - ME,INPAC,"Governador, Deputado Federal, Deputado Estadual",510,21/03/2026,Neander Ferreira Almeida,"16500,00",2026-03-22 00:00:00,2026-03-27 13:35:00
RJ015962026,RJ,RIO DE JANEIRO,AGORA PESQUISA - EIRELI,AGORA PESQUISA,"Governador, Senador",800,21/03/2026,LINIANE GAZOLA,"20000,00",2026-03-25 00:00:00,2026-03-19 22:31:21
GO051142026,GO,GOIÁS,EXATA.GO PESQUISA LTDA,EXATA.GO,"Governador, Senador",3470,21/02/2026,Estenio da Costa Santos,"13500,00",2026-02-26 00:00:00,2026-02-21 00:00:00
RJ046052026,RJ,RIO DE JANEIRO,PREFAB FUTURE PUBLICIDADE E PESQUISAS LTDA,PREFAB FUTURE,Governador,2000,20/08/2026,Sergio Ribeiro dos Santos,"25000,00",2026-08-23 00:00:00,2026-08-19 19:18:45
GO093022026,GO,GOIÁS,INSTITUTO GAZETA LTDA,IGAPE- INSTITUTO GAZETA DE PEQUISAS,"Governador, Senador, Deputado Federal, Deputado Estadual",3000,20/08/2026,FILIPE MOREIRA MARTINE,"15000,00",2026-08-29 00:00:00,2026-08-24 23:03:31
AL076562026,AL,ALAGOAS,M B BARROS CONSULTORIA LTDA - ME,INSTITUTO DATASENSUS,"Governador, Senador, Deputado Federal, Deputado Estadual, Deputado Distrital",5000,20/08/2026,Lucemberg de Araujo Pedrosa,"60000,00",2026-08-22 00:00:00,2026-08-19 16:56:42
RS068752026,RS,RIO GRANDE DO SUL,"QUAEST PESQUISAS, CONSULTORIA E PROJETOS LTDA.",#NULO#,"Governador, Senador",900,20/08/2026,Margarida Maria de Mendonca,"141660,00",2026-08-23 00:00:00,2026-08-18 19:36:28
SE065362026,SE,SERGIPE,INSTITUTO FRANCA DE PESQUISAS LTDA,INSTITUTO FRANCA DE PESQUISA PESQUISA E ASSESSORIA,Senador,1314,20/08/2026,Aldine Andrea Oliveira de Sousa Cabral,"20000,00",2026-08-21 00:00:00,2026-08-21 23:15:44
GO046692026,GO,GOIÁS,BRASMARKET ANALISE E INVESTIGACAO DE MERCADO LTDA,BRASMARKET,"Governador, Senador",1200,20/08/2026,Juliane Silveira Freire da Silva,"40000,00",2026-08-21 00:00:00,2026-08-21 22:09:54
SC005172026,SC,SANTA CATARINA,"QUAEST PESQUISAS, CONSULTORIA E PROJETOS LTDA.",#NULO#,"Governador, Senador",804,20/08/2026,Margarida Maria de Mendonca,"106329,00",2026-08-23 00:00:00,2026-08-18 20:43:29
PR053882026,PR,PARANÁ,"QUAEST PESQUISAS, CONSULTORIA E PROJETOS LTDA.",#NULO#,"Governador, Senador",804,20/08/2026,Margarida Maria de Mendonca,"104319,00",2026-08-23 00:00:00,2026-08-18 21:13:02
RS096402026,RS,RIO GRANDE DO SUL,REAL TIME MIDIA LTDA,REAL TIME BIG DATA,"Governador, Senador",1600,20/08/2026,Isabela Zara Cremoneze,"24000,00",2026-08-24 00:00:00,2026-08-19 21:57:33
SE055002026,SE,SERGIPE,INSTITUTO FRANCA DE PESQUISAS LTDA,INSTITUTO FRANCA DE PESQUISA PESQUISA E ASSESSORIA,"Governador, Senador",1314,20/08/2026,Aldine Andrea Oliveira de Sousa Cabral,"20000,00",2026-08-21 00:00:00,2026-08-24 19:50:56
RN008762026,RN,RIO GRANDE DO NORTE,"QUAEST PESQUISAS, CONSULTORIA E PROJETOS LTDA.",#NULO#,"Governador, Senador",804,20/08/2026,Margarida Maria de Mendonca,"104118,00",2026-08-23 00:00:00,2026-08-18 20:20:32
AL055032026,AL,ALAGOAS,"QUAEST PESQUISAS, CONSULTORIA E PROJETOS LTDA.",#NULO#,"Governador, Senador",804,20/08/2026,Margarida Maria de Mendonca,"88440,00",2026-08-23 00:00:00,2026-08-18 21:00:58
PB038852026,PB,PARAÍBA,INSTITUTO DE PESQUISA DE GESTAO E POLITICA PARAIBANO LTDA,INSTITUTO DE PESQUISA PODIUM,"Governador, Senador",378,20/08/2026,Hildete Alves da Costa,"4914,00",2026-08-22 00:00:00,2026-08-22 18:27:51
AP059262026,AP,AMAPÁ,TOP COMERCIOS E SERVICOS LTDA,F5 PESQUISAS E CONSULTORIA,Deputado Estadual,310,20/08/2026,LUIS VALBER RIOS ARCANJO,"6000,00",2026-08-24 00:00:00,2026-08-21 11:04:28
AC094662026,AC,ACRE,INSTITUTO NOVO PERFIL PESQUISAS LTDA,PERFIL PESQUISAS,"Governador, Senador, Deputado Federal, Deputado Estadual",1430,20/08/2026,JOSE AILTON ALENCAR DA SILVA,"55000,00",2026-08-27 00:00:00,2026-08-21 20:35:28
MA025582026,MA,MARANHÃO,"QUAEST PESQUISAS, CONSULTORIA E PROJETOS LTDA.",#NULO#,"Governador, Senador",900,20/08/2026,Margarida Maria de Mendonca,"106290,00",2026-08-23 00:00:00,2026-08-18 20:08:34
AC026582026,AC,ACRE,F. FACANHA DE ALMEIDA,DELTA AGENCIA DE PESQUISA,"Governador, Senador",1006,20/08/2026,Alexandre Vasconcelos Lima,"26000,00",2026-08-24 00:00:00,2026-08-19 20:51:10
PB043512026,PB,PARAÍBA,INDICE INTELIGENCIA LTDA,INDICE INTELIGENCIA,"Governador, Senador, Deputado Federal, Deputado Estadual",2000,20/08/2026,Ianne Rafaella Santos Melo,"15000,00",2026-08-22 00:00:00,2026-08-19 19:10:31
ES044822026,ES,ESPÍRITO SANTO,REAL TIME MIDIA LTDA,REAL TIME BIG DATA,"Governador, Senador",1600,20/07/2026,Isabela Zara Cremoneze,"24000,00",2026-07-21 00:00:00,2026-07-16 21:20:40
PE033442026,PE,PERNAMBUCO,INSTITUTO DATATRENDS LTDA,DATATRENDS,"Governador, Senador",1200,20/07/2026,Ythalo Hugo da Silva Santos,"50000,00",2026-07-22 00:00:00,2026-07-19 21:47:54
PI079102026,PI,PIAUÍ,INSTITUTO DATA AZ DE PESQUISA LTDA,INSTITUTO DE PESQUISA DATA AZ,"Governador, Senador, Deputado Federal, Deputado Estadual",1200,20/07/2026,LAERCIO DE SOUSA ARAUJO,"15000,00",2026-07-27 00:00:00,2026-07-28 22:00:52
PR029142026,PR,PARANÁ,NEOBE GESTAO E SERVICOS LTDA,NEOKEMP PESQUISAS,"Governador, Senador",1008,20/07/2026,Lucia Helena Silva Cardoso,"25000,00",2026-07-22 00:00:00,2026-07-16 17:34:11
GO058782026,GO,GOIÁS,SMS - DIRECT PESQUISAS E MARKETING LTDA,DIRECT PESQUISAS,"Governador, Senador, Deputado Federal, Deputado Estadual",500,20/07/2026,Jose Dos Reis Cunha Filho,"5000,00",2026-07-21 00:00:00,2026-07-18 12:35:51
PE009182026,PE,PERNAMBUCO,MESQUITA TOTAL BRASIL LTDA,INSTITUTO REVISTA TOTAL BRASIL,"Governador, Senador",1200,20/06/2026,Izadora Zdanowsky Calmon dos Reis Pimentel,"65000,00",2026-06-24 00:00:00,2026-06-19 14:18:25
RS070632026,RS,RIO GRANDE DO SUL,REAL TIME MIDIA LTDA,REAL TIME BIG DATA,"Governador, Senador",1600,20/06/2026,Isabela Zara Cremoneze,"64000,00",2026-06-22 00:00:00,2026-06-17 20:16:42
PB056122026,PB,PARAÍBA,INSTITUTO DE PESQUISA DE GESTAO E POLITICA PARAIBANO LTDA,INSTITUTO DE PESQUISA PODIUM,"Governador, Senador",585,20/06/2026,Hildete Alves da Costa,"5850,00",2026-06-22 00:00:00,2026-06-22 19:33:44
TO073172026,TO,TOCANTINS,INSTITUTO PARANA DE PESQUISAS E ANALISE DE CONSUMIDOR LTDA,#NULO#,"Governador, Senador",1340,20/06/2026,Tatiani Cristina Ara,"45000,00",2026-06-22 00:00:00,2026-06-18 16:03:26
AL046082026,AL,ALAGOAS,GRUPO DE PESQUISA SAO JUDAS TADEU LTDA,TDL PESQUISA,"Governador, Senador",1200,20/06/2026,Denivaldo da C Fernandes de Oliveira,"47000,00",2026-06-22 00:00:00,2026-06-20 16:00:12
PA057982026,PA,PARÁ,AMPLA PESQUISA DE OPINIAO PUBLICA LTDA,AMPLA VOX,"Governador, Senador",1500,20/05/2026,JADSON FERNANDES CHAVES,"50000,00",2026-05-24 00:00:00,2026-05-18 22:03:32
RN058572026,RN,RIO GRANDE DO NORTE,INSTITUTO DATA CENSUS POTIGUAR LTDA,#NULO#,"Governador, Senador, Deputado Federal, Deputado Estadual, Deputado Distrital",2000,20/05/2026,KALLINE FABIANA SILVEIRA MARINHO,"10000,00",2026-05-22 00:00:00,2026-05-19 21:34:29
MT022002026,MT,MATO GROSSO,WAGNER R. DE SOUZA,META PUBLICIDADE E PESQUISA,"Governador, Senador, Deputado Federal, Deputado Estadual, Deputado Distrital",500,20/05/2026,Wander Luiz Benesciuti,"7000,00",2026-05-21 00:00:00,2026-05-22 20:25:53
MS038392026,MS,MATO GROSSO DO SUL,NOVA IBRAPE PESQUISAS DE OPINIAO PUBLICA LTDA,NOVO IBRAPE,"Governador, Senador",1000,20/05/2026,ivan ferreira domingues,"29000,00",2026-05-25 00:00:00,2026-05-20 20:43:10
PI042432026,PI,PIAUÍ,INSTITUTO DATA AZ DE PESQUISA LTDA,INSTITUTO DE PESQUISA DATA AZ,"Governador, Senador, Deputado Federal, Deputado Estadual",800,20/04/2026,Laércio de Sousa Araújo,"6000,00",2026-04-25 00:00:00,2026-04-22 18:29:00
CE075612026,CE,CEARÁ,DATA POVO INSTITUTO DE PESQUISAS MARKETING E CONSULTORIA LTDA,DATA POVO CONSULTORIA,Governador,1000,20/04/2026,Israel Oliveira da Costa Sousa,"97500,00",2026-04-21 00:00:00,2026-04-28 20:40:23
PI093772026,PI,PIAUÍ,CENSUS INSTITUTO DE PESQUISAS EIRELI,CENSUS,"Governador, Senador, Deputado Federal, Deputado Estadual",300,20/04/2026,Laércio de Sousa Araújo,"5000,00",2026-04-21 00:00:00,2026-04-23 20:19:34
BA018772026,BA,BAHIA,DATA POVO INSTITUTO DE PESQUISAS MARKETING E CONSULTORIA LTDA,DATA POVO CONSULTORIA,Governador,1000,20/04/2026,Israel Oliveira da Costa Sousa,"91500,00",2026-04-21 00:00:00,2026-04-27 23:15:05
MT054642026,MT,MATO GROSSO,DATA POVO INSTITUTO DE PESQUISAS MARKETING E CONSULTORIA LTDA,DATA POVO CONSULTORIA,Governador,1000,20/04/2026,Israel Oliveira da Costa Sousa,"72000,00",2026-04-21 00:00:00,2026-04-28 20:58:28
MG073832026,MG,MINAS GERAIS,DATA POVO INSTITUTO DE PESQUISAS MARKETING E CONSULTORIA LTDA,DATA POVO CONSULTORIA,Governador,1000,20/04/2026,Israel Oliveira da Costa Sousa,"99800,00",2026-04-21 00:00:00,2026-04-28 19:53:30
SC067402026,SC,SANTA CATARINA,DATA POVO INSTITUTO DE PESQUISAS MARKETING E CONSULTORIA LTDA,DATA POVO CONSULTORIA,Governador,1000,20/04/2026,Israel Oliveira da Costa Sousa,"102000,00",2026-04-21 00:00:00,2026-04-28 21:02:33
GO085252026,GO,GOIÁS,EXATA.GO PESQUISA LTDA,EXATA.GO,"Governador, Senador",3300,20/04/2026,AUGUSTO DA SILVA ROCHA,"25000,00",2026-04-30 00:00:00,2026-04-28 22:22:43
TO056242026,TO,TOCANTINS,EXATA.GO PESQUISA LTDA,EXATA.GO,"Governador, Senador",3200,20/03/2026,AUGUSTO DA SILVA ROCHA,"30000,00",2026-03-29 00:00:00,2026-03-25 21:59:35
TO016932026,TO,TOCANTINS,EXATA.GO PESQUISA LTDA,EXATA.GO,"Governador, Senador",3200,20/03/2026,ESTENIO DA COSTA SANTOS,"30000,00",2026-03-25 00:00:00,2026-03-20 00:40:33
PA079652026,PA,PARÁ,REAL TIME MIDIA LTDA,REAL TIME BIG DATA,"Governador, Senador",1600,20/03/2026,Isabela Zara Cremoneze,"64000,00",2026-03-21 00:00:00,2026-03-17 15:51:27
TO066452026,TO,TOCANTINS,EXATA.GO PESQUISA LTDA,EXATA.GO,"Governador, Senador",1316,20/03/2026,ESTENIO DA COSTA SANTOS,"5000,00",2026-03-25 00:00:00,2026-03-20 19:57:00
SC044552026,SC,SANTA CATARINA,TENDENCIA PESQUISA E CONSULTORIA LTDA,TENDENCIA PESQUISA E CONSULTORIA,"Governador, Senador, Deputado Federal, Deputado Estadual, Deputado Distrital",400,20/03/2026,Usiara Britto,"10000,00",2026-03-24 00:00:00,2026-03-20 21:33:32
GO090032026,GO,GOIÁS,INSTITUTO GAZETA LTDA,IGAPE- INSTITUTO GAZETA DE PEQUISAS,"Governador, Senador, Deputado Federal, Deputado Estadual, Deputado Distrital",600,20/02/2026,FILIPE MOREIRA MARTINE,"3000,00",2026-02-22 00:00:00,2026-02-18 22:05:12
PB055002026,PB,PARAÍBA,INSTITUTO RANKING DE PESQUISA LTDA,INSTITUTO RANKING PESQUISA,"Governador, Senador, Deputado Federal, Deputado Estadual",2000,20/02/2026,Isis Milane Batista de Lima,"25000,00",2026-02-22 00:00:00,2026-02-19 17:28:09
PB064352026,PB,PARAÍBA,EMMANUEL DA NOBREGA FALCAO,FALCAO PESQUISAS E PUBLICIDADE,"Governador, Senador, Deputado Federal, Deputado Estadual",40000,20/01/2026,CP-Brasil AC Certisign RB G5 A1 17334115000115 JERSON BRUNO DO NASCIMENTO HONORIO.,"10000,00",2026-01-26 00:00:00,2026-01-24 21:29:52
SP046792026,SP,SÃO PAULO,100% CIDADES PARTICIPACOES LTDA,100 CIDADES,"Governador, Senador",1200,20/01/2026,Fabíola Miranda von Rondow,"96000,00",2026-01-23 00:00:00,2026-01-21 17:34:38
RJ099572026,RJ,RIO DE JANEIRO,VETOR ARROW INSTITUTO DE PESQUISA E OPINIAO LTDA,#NULO#,"Governador, Senador, Deputado Federal",14000,19/09/2026,Luciano Moura Silva,"140000,00",2026-09-22 00:00:00,2026-06-02 17:42:07
MA021712026,MA,MARANHÃO,N C L DE CARVALHO,EPO - ESTRATEGIA PESQUISAS DE OPINIAO,"Governador, Senador",2000,19/08/2026,HILDETE ALVES DA COSTA,"40000,00",2026-08-24 00:00:00,2026-08-19 22:27:16
SP013472026,SP,SÃO PAULO,REAL TIME MIDIA LTDA,REAL TIME BIG DATA,"Governador, Senador",2000,19/08/2026,Isabela Zara Cremoneze,"30000,00",2026-08-22 00:00:00,2026-08-18 19:33:01
MT059252026,MT,MATO GROSSO,INSTITUTO VERITA LTDA,VERITA,"Governador, Senador",1220,19/08/2026,Guilherme Alvarenga Laia,"93940,00",2026-08-23 00:00:00,2026-08-18 22:01:27
MS076212026,MS,MATO GROSSO DO SUL,A. F. BARBOSA & CIA. LTDA - ME,INSTITUTO DE PESQUISA RESULTADO IPR,"Governador, Senador",784,19/08/2026,Alexandre Vasconcelos Lima,"12500,00",2026-08-23 00:00:00,2026-08-19 12:03:21
PB098802026,PB,PARAÍBA,SETA INSTITUTO DE PESQUISA LTDA,INSTITUTO SETA DE PESQUISA,"Governador, Senador, Deputado Federal, Deputado Estadual",1500,19/08/2026,Galttieri Ferreira Tavares,"15000,00",2026-08-21 00:00:00,2026-08-18 23:49:23
PB077902026,PB,PARAÍBA,REAL TIME MIDIA LTDA,REAL TIME BIG DATA,"Governador, Senador",1600,19/08/2026,Isabela Zara Cremoneze,"24000,00",2026-08-22 00:00:00,2026-08-18 19:50:46
MA082632026,MA,MARANHÃO,QUALITATIVA INSTITUTO DE OPINIAO PUBLICA EIRELI,INSTITUTO QUALITATIVA,"Governador, Senador",900,19/08/2026,Jose Dos Reis Cunha Filho,"20000,00",2026-08-25 00:00:00,2026-08-20 22:10:15
MS050572026,MS,MATO GROSSO DO SUL,INSTITUTO VERITA LTDA,VERITA,"Governador, Senador",1220,19/08/2026,Guilherme Alvarenga Laia,"93940,00",2026-08-23 00:00:00,2026-08-18 21:56:07
SE054452026,SE,SERGIPE,TWS POLITICA LTDA,TWS POLITICA,"Governador, Senador",1500,19/08/2026,Joao Ulisses Barata da Silva,"20000,00",2026-08-24 00:00:00,2026-08-21 14:03:20
GO039742026,GO,GOIÁS,DATAPOP - INSTITUTO DE PESQUISA E MARKETING LTDA,DATA POP PESQUISA,"Governador, Senador, Deputado Federal, Deputado Estadual",600,19/08/2026,Jose Dos Reis Cunha Filho,"8000,00",2026-08-20 00:00:00,2026-08-18 22:30:54
PB087962026,PB,PARAÍBA,INSTITUTO DE PESQUISA DE GESTAO E POLITICA PARAIBANO LTDA,INSTITUTO DE PESQUISA PODIUM,"Governador, Senador",381,19/08/2026,Hildete Alves da Costa,"4953,00",2026-08-20 00:00:00,2026-08-21 18:01:23
GO013202026,GO,GOIÁS,INSTITUTO VERITA LTDA,VERITA,"Governador, Senador",1525,19/08/2026,Guilherme Alvarenga Laia,"117425,00",2026-08-23 00:00:00,2026-08-18 21:38:22
AM096302026,AM,AMAZONAS,DCASTRO COMUNICACAO E MARKETING LTDA,DIRETO AO PONTO PESQUISAS,"Governador, Senador, Deputado Federal, Deputado Estadual",1200,19/08/2026,Marcio Antonio Couto Ferreira,"43500,00",2026-08-24 00:00:00,2026-08-20 15:27:33
PA041672026,PA,PARÁ,INSTITUTO VERITA LTDA,VERITA,"Governador, Senador",1525,19/08/2026,Guilherme Alvarenga Laia,"117425,00",2026-08-23 00:00:00,2026-08-18 22:34:51
MG099802026,MG,MINAS GERAIS,INSTITUTO VERITA LTDA,VERITA,"Governador, Senador",2030,19/08/2026,Guilherme Alvarenga Laia,"156310,00",2026-08-23 00:00:00,2026-08-18 21:47:30
SP054192026,SP,SÃO PAULO,INSTITUTO VERITA LTDA,VERITA,"Governador, Senador",3025,19/08/2026,Guilherme Alvarenga Laia,"232925,00",2026-08-23 00:00:00,2026-08-18 22:29:07
GO058062026,GO,GOIÁS,DIAGNOSTICO PESQUISAS DE COMPORTAMENTO EIRELI,DIAGNOSTICO PESQUISAS DE COMPORTAMENTO,"Governador, Senador, Deputado Federal, Deputado Estadual",627,19/08/2026,Alexandre Vasconcelos Lima,"12000,00",2026-08-20 00:00:00,2026-08-18 12:38:07
SE006842026,SE,SERGIPE,POSITIVA PESQUISAS LTDA,POSITIVA PESQUISAS,"Governador, Senador",1000,19/07/2026,Danilo Messias Nascimento e Santos,"20000,00",2026-07-22 00:00:00,2026-07-18 09:16:03
AM091522026,AM,AMAZONAS,M P VALIN EIRELI,PROJETA PESQUISA DE MERCADO OPNIAO PUBLICA,"Governador, Senador",3000,19/07/2026,Marcel Paredes Valin,"78000,00",2026-07-23 00:00:00,2026-07-18 19:06:20
RN053112026,RN,RIO GRANDE DO NORTE,ERIVALDO TRINDADE DE ARAUJO,ITEM PESQUISAS TECNICAS,"Governador, Senador, Deputado Federal, Deputado Estadual, Deputado Distrital",1250,19/07/2026,ALDINE ANDREA OLIVEIRA DE SOUSA CABRAL,"15000,00",2026-07-22 00:00:00,2026-07-17 19:14:26
AP029702026,AP,AMAPÁ,REAL TIME MIDIA LTDA,REAL TIME BIG DATA,"Governador, Senador",1600,19/07/2026,Isabela Zara Cremoneze,"24000,00",2026-07-23 00:00:00,2026-07-18 19:09:26
PB068682026,PB,PARAÍBA,INSTITUTO DE PESQUISA DE GESTAO E POLITICA PARAIBANO LTDA,INSTITUTO DE PESQUISA PODIUM,"Governador, Senador",583,19/06/2026,Hildete Alves da Costa,"5830,00",2026-06-20 00:00:00,2026-06-20 19:03:05
PB003532026,PB,PARAÍBA,INSTITUTO RANKING DE PESQUISA LTDA,INSTITUTO RANKING PESQUISA,"Governador, Senador, Deputado Federal, Deputado Estadual",783,19/06/2026,Isis Milane Batista de Lima,"6000,00",2026-06-20 00:00:00,2026-06-18 21:30:37
PR017372026,PR,PARANÁ,RADAR INTELIGENCIA LTDA,RADAR ESTATISTICA,"Governador, Senador",1201,19/06/2026,José Mario Lima,"72000,00",2026-06-23 00:00:00,2026-06-19 17:51:31
AM099762026,AM,AMAZONAS,D. EGLE SANTOS BARBOSA LTDA,COMUNIDADOS,"Governador, Senador",1200,19/05/2026,FELICIEN GONÇALVES VASQUEZ,"25000,00",2026-05-22 00:00:00,2026-05-19 14:47:50
MG072992026,MG,MINAS GERAIS,REAL TIME MIDIA LTDA,REAL TIME BIG DATA,"Governador, Senador",1600,19/05/2026,Isabela Zara Cremoneze,"64000,00",2026-05-20 00:00:00,2026-05-15 18:34:16
GO007342026,GO,GOIÁS,AGENCIA CALCULU'S DE PESQUISA E JORNALISMO LTDA,JORNAL LIDER,"Governador, Deputado Federal, Deputado Estadual",452,19/05/2026,CLEUDIMAR NOBRE DANTAS,"3000,00",2026-05-20 00:00:00,2026-05-21 23:35:44
GO000722026,GO,GOIÁS,INSTITUTO GAZETA LTDA,IGAPE- INSTITUTO GAZETA DE PEQUISAS,"Governador, Senador, Deputado Federal, Deputado Estadual",800,19/05/2026,FILIPE MOREIRA MARTINE,"5000,00",2026-05-21 00:00:00,2026-05-18 22:38:10
PB085252026,PB,PARAÍBA,SETA INSTITUTO DE PESQUISA LTDA,INSTITUTO SETA DE PESQUISA,"Governador, Senador, Deputado Federal, Deputado Estadual",700,19/05/2026,Galttieri Ferreira Tavares,"5000,00",2026-05-20 00:00:00,2026-05-19 02:14:49
RO051082026,RO,RONDÔNIA,C. GOMES MARKETING,INSTITUTO AMAZONIA DE PESQUISA - IAP,"Governador, Senador",1600,19/05/2026,ALDINE ANDREA OLIVEIRA DE SOUSA CABRAL,"19000,00",2026-05-23 00:00:00,2026-05-17 21:40:52
CE022742026,CE,CEARÁ,INTELIGENCIA EM PESQUISA E CONSULTORIA LTDA,IPEC,"Governador, Senador",800,19/03/2026,MARCIA CAVALLARI NUNES,"90000,00",2026-03-25 00:00:00,2026-03-19 17:28:02
PB001552026,PB,PARAÍBA,ANOVA - INOVACAO E INTELIGENCIA EM PESQUISAS LTDA,ANOVA INSTITUTO DE PESQUISA,"Governador, Senador",2000,19/03/2026,BRUNO AGRA FERREIRA,"20000,00",2026-03-21 00:00:00,2026-03-20 20:03:51
PE015282026,PE,PERNAMBUCO,DATAFOLHA INSTITUTO DE PESQUISAS LTDA.,#NULO#,"Governador, Senador",1204,18/08/2026,Renata Nunes Cesar,"153527,92",2026-08-21 00:00:00,2026-08-15 23:06:53
RS038982026,RS,RIO GRANDE DO SUL,INSTITUTO PARANA DE PESQUISAS E ANALISE DE CONSUMIDOR LTDA,#NULO#,"Governador, Senador",1504,18/08/2026,Tatiani Cristina Ara,"135200,00",2026-08-20 00:00:00,2026-08-15 21:26:23
PA056642026,PA,PARÁ,BOAS IDEIAS INTELIGENCIA EM PESQUISA E ESTRATEGIA DIGITAL LTDA,"BOAS IDEIAS, ESTRATEGIA E INTELIGENCIA DIGITAL.","Governador, Senador",1000,18/08/2026,ADRIANA APARECIDA MARCAL,"35000,00",2026-08-21 00:00:00,2026-08-17 19:26:21
PI066562026,PI,PIAUÍ,DATAFOLHA INSTITUTO DE PESQUISAS LTDA.,#NULO#,"Governador, Senador",826,18/08/2026,Renata Nunes Cesar,"115326,63",2026-08-21 00:00:00,2026-08-16 13:57:35
SE015892026,SE,SERGIPE,POSITIVA PESQUISAS LTDA,POSITIVA PESQUISAS,"Governador, Senador, Deputado Federal, Deputado Estadual",1000,18/08/2026,Danilo Messias Nascimento e Santos,"20000,00",2026-08-22 00:00:00,2026-08-17 22:25:38
PA019622026,PA,PARÁ,DOXA ARTE & COMUNICAO S/S LTDA,DOXA,"Governador, Senador, Deputado Federal, Deputado Estadual",2000,18/08/2026,JADSON FERNANDES CHAVES,"50000,00",2026-08-23 00:00:00,2026-08-18 13:50:02
TO003202026,TO,TOCANTINS,PROMOTION - EDITORA PORTAL DE NOTICIAS E PESQUISAS LTDA,PORTAL E INSTITUTO STYLO,"Governador, Senador",1200,18/08/2026,JOAO SOARES DE ARAUJO NETO,"21000,00",2026-08-20 00:00:00,2026-08-18 21:00:51
ES016792026,ES,ESPÍRITO SANTO,INSTITUTO DE PESQUISAS PERFIL LTDA,#NULO#,"Governador, Senador, Deputado Federal, Deputado Estadual",1000,18/08/2026,LINIANE GAZOLA,"20000,00",2026-08-20 00:00:00,2026-08-17 17:49:27
MG004462026,MG,MINAS GERAIS,DATAFOLHA INSTITUTO DE PESQUISAS LTDA.,#NULO#,"Governador, Senador",1204,18/08/2026,Renata Nunes Cesar,"162051,60",2026-08-21 00:00:00,2026-08-15 23:28:42
RJ029452026,RJ,RIO DE JANEIRO,DATAFOLHA INSTITUTO DE PESQUISAS LTDA.,#NULO#,"Governador, Senador",1204,18/08/2026,Renata Nunes Cesar,"130418,94",2026-08-21 00:00:00,2026-08-15 23:49:00
SP018062026,SP,SÃO PAULO,DATAFOLHA INSTITUTO DE PESQUISAS LTDA.,#NULO#,"Governador, Senador",1610,18/08/2026,Renata Nunes Cesar,"185706,64",2026-08-21 00:00:00,2026-08-15 23:43:21
PB078152026,PB,PARAÍBA,INDICE INTELIGENCIA LTDA,INDICE INTELIGENCIA,"Governador, Senador, Deputado Federal, Deputado Estadual",2000,18/08/2026,Ianne Rafaella Santos Melo,"15000,00",2026-08-20 00:00:00,2026-08-17 21:28:30
PR050322026,PR,PARANÁ,ALFA INTELIGENCIA E SERVICOS DE SOFTWARE E OPINIAO S/A,ALFA INTELIGENCIA,"Governador, Senador",1200,18/08/2026,HIAGO JOSE ANDRADE DE ALBUQUERQUE MARTINS,"50000,00",2026-08-22 00:00:00,2026-08-18 18:55:50
SP014772026,SP,SÃO PAULO,GERP MERCADOLOGIA LTDA,GRUPO GERP GERP MERCADO GERP OPINIAO GERPAUDIT,Governador,1800,18/08/2026,CLENILSON SANTOS DE OLIVEIRA,"12000,00",2026-08-21 00:00:00,2026-08-17 19:13:32
PE019492026,PE,PERNAMBUCO,ANDRE CAVALCANTE FALABELLA LTDA,INSTITUTO DE PESQUISA MULTIPLA,"Governador, Senador",250,18/08/2026,Eduardo Jose Pereira da Costa,"10000,00",2026-08-18 00:00:00,2026-08-17 15:58:37
AP026512026,AP,AMAPÁ,INSTITUTO PARANA DE PESQUISAS E ANALISE DE CONSUMIDOR LTDA,#NULO#,"Governador, Senador",1100,18/07/2026,Tatiani Cristina Ara,"45000,00",2026-07-20 00:00:00,2026-07-15 19:05:37
PI032172026,PI,PIAUÍ,INSTITUTO CREDIBILIDADE LTDA,INSTITUTO CREDIBILIDADE,"Governador, Senador, Deputado Federal, Deputado Estadual",359,18/07/2026,DIOGENES VITOR DA SILVEIRA,"5000,00",2026-07-19 00:00:00,2026-07-23 16:22:50
MT002752026,MT,MATO GROSSO,BRASILIA DADOS LTDA,BRASILIA DADOS,"Governador, Senador, Deputado Federal, Deputado Estadual",1300,18/07/2026,Nathany Luzia de Oliveira,"30000,00",2026-07-22 00:00:00,2026-07-17 21:08:20
AM066352026,AM,AMAZONAS,M P VALIN EIRELI,PROJETA PESQUISA DE MERCADO OPNIAO PUBLICA,"Governador, Senador, Deputado Federal, Deputado Estadual",3000,18/07/2026,Marcel Paredes Valin,"78000,00",2026-07-23 00:00:00,2026-07-17 21:30:02
MS083172026,MS,MATO GROSSO DO SUL,RANKING BRASIL INTELIGENCIA LTDA,RANKING BRASIL INTELIGENCIA,"Governador, Senador, Deputado Federal, Deputado Estadual",2000,18/07/2026,AUGUSTO DA SILVA ROCHA,"20000,00",2026-07-23 00:00:00,2026-07-18 09:32:54
MT097882026,MT,MATO GROSSO,PERCENT PESQUISA DE MERCADO E OPINIAO LTDA,PERCENT PESQUISA DE MERCADO E OPINIAO,"Governador, Senador, Deputado Federal, Deputado Estadual",1200,18/06/2026,Nathany Luzia de Oliveira,"30000,00",2026-06-22 00:00:00,2026-06-18 19:04:40
RN095202026,RN,RIO GRANDE DO NORTE,LAIS CRISTINA RODRIGUES DE OLIVEIRA LTDA,IPSENSUS PESQUISAS,"Governador, Senador, Deputado Federal, Deputado Estadual",1500,18/06/2026,GIOVANA RILLARY DA SILVA ROCHA,"15000,00",2026-06-22 00:00:00,2026-06-19 17:45:13
AM025492026,AM,AMAZONAS,POSDATA INSTITUTO DE PESQUISAS LTDA,#NULO#,"Governador, Senador",1500,18/06/2026,DANIELA DE AZEREDO BRAGA MUNIZ,"85000,00",2026-06-25 00:00:00,2026-06-19 13:39:16
PA027892026,PA,PARÁ,INSTITUTO DE PESQUISAS DE MERCADO E DE OPINIAO PUBLICA DO PARA - IPEP LTDA,DATA POPULI,"Governador, Senador, Deputado Federal, Deputado Estadual",780,18/06/2026,David Leal de Carvalho,"15000,00",2026-06-20 00:00:00,2026-06-17 20:22:45
PI091412026,PI,PIAUÍ,INSTITUTO CREDIBILIDADE LTDA,INSTITUTO CREDIBILIDADE,"Governador, Senador, Deputado Federal, Deputado Estadual",400,18/06/2026,DIOGENES VITOR DA SILVEIRA,"7000,00",2026-06-20 00:00:00,2026-06-27 12:21:26
SP072302026,SP,SÃO PAULO,INSTITUTO VOX BRASIL OPINIAO E PESQUISAS LTDA,#NULO#,"Governador, Deputado Federal, Deputado Estadual",2000,18/06/2026,GUILHERME COELHO NEVES,"4000,00",2026-06-20 00:00:00,2026-06-16 18:01:34
CE035062026,CE,CEARÁ,REAL TIME MIDIA LTDA,REAL TIME BIG DATA,"Governador, Senador",1600,18/05/2026,Isabela Zara Cremoneze,"64000,00",2026-05-19 00:00:00,2026-05-14 19:24:36
MA099102026,MA,MARANHÃO,M D C LEMOS LTDA,INOP PREVISAO PESQUISAS SERVICOS E PUBLICIDADES,"Governador, Senador, Deputado Federal, Deputado Estadual",2667,18/05/2026,VITOR EMMANUEL BOUÇAS DA SILVA,"45000,00",2026-05-26 00:00:00,2026-05-20 15:12:13
SE000392026,SE,SERGIPE,"ECM - EDICAO, COMUNICACAO & MARKETING LTDA",ECM-PESQUISAS,Deputado Estadual,1200,18/05/2026,Flávio Ferreira da Conceição,"11000,00",2026-05-22 00:00:00,2026-05-17 13:22:34
SP027062026,SP,SÃO PAULO,INSTITUTO PARANA DE PESQUISAS E ANALISE DE CONSUMIDOR LTDA,#NULO#,"Governador, Senador",1640,18/05/2026,Tatiani Cristina Ara,"50000,00",2026-05-20 00:00:00,2026-05-15 00:00:00
RN085952026,RN,RIO GRANDE DO NORTE,ERIVALDO TRINDADE DE ARAUJO,ITEM PESQUISAS TECNICAS,"Governador, Senador, Deputado Federal, Deputado Estadual",1250,18/05/2026,ALDINE ANDREA DE O SOUZA CABRAL,"15000,00",2026-05-22 00:00:00,2026-05-23 09:36:15
PI032412026,PI,PIAUÍ,IPPI PESQUISAS E CONSULTORIA LTDA,IPPI - PESQUISAS E CONSULTORIAS,"Governador, Senador, Deputado Federal, Deputado Estadual",400,18/05/2026,Antonio Alberto Ibiapina Costa Filho,"6000,00",2026-05-20 00:00:00,2026-05-20 23:36:11
PI050962026,PI,PIAUÍ,ROGERIO M. P. MOURA - ME,DATA MAX,Senador,1000,18/04/2026,DAVID LEAL DE CARVALHO,"38000,00",2026-04-23 00:00:00,2026-05-03 21:00:20
BA022452026,BA,BAHIA,INSTITUTO VERITA LTDA,VERITA,"Governador, Senador, Deputado Federal, Deputado Estadual",2020,18/03/2026,GUILHERME ALVARENGA LAIA,"155540,00",2026-03-24 00:00:00,2026-03-17 23:19:02
PA030722026,PA,PARÁ,INSTITUTO PARANA DE PESQUISAS E ANALISE DE CONSUMIDOR LTDA,#NULO#,"Governador, Senador",1400,18/03/2026,Tatiani Cristina Ara,"35000,00",2026-03-21 00:00:00,2026-03-17 17:26:18
AM047422026,AM,AMAZONAS,INSTITUTO VERITA LTDA,VERITA,"Governador, Senador, Deputado Federal, Deputado Estadual",1220,18/03/2026,GUILHERME ALVARENGA LAIA,"93940,00",2026-03-24 00:00:00,2026-03-17 23:22:14
CE075502026,CE,CEARÁ,ANZA PESQUISA E INTELIGENCIA DE DADOS LTDA,ANZA PESQUISA E INTELIGENCIA DE DADOS,"Governador, Senador",1225,18/03/2026,Alexsandre Miranda de Alencar,"35000,00",2026-03-21 00:00:00,2026-03-23 22:38:43
MA039162026,MA,MARANHÃO,INSTITUTO VERITA LTDA,VERITA,"Governador, Senador, Deputado Federal, Deputado Estadual",1525,18/03/2026,GUILHERME ALVARENGA LAIA,"117425,00",2026-03-24 00:00:00,2026-03-17 23:27:03
CE064772026,CE,CEARÁ,INSTITUTO VERITA LTDA,VERITA,"Governador, Senador, Deputado Federal, Deputado Estadual",1525,18/03/2026,GUILHERME ALVARENGA LAIA,"117425,00",2026-03-24 00:00:00,2026-03-17 23:24:43
AC088822026,AC,ACRE,INSTITUTO VERITA LTDA,VERITA,"Governador, Senador, Deputado Federal, Deputado Estadual",1030,18/03/2026,GUILHERME ALVARENGA LAIA,"79310,00",2026-03-24 00:00:00,2026-03-17 23:05:51
GO012992026,GO,GOIÁS,INSTITUTO VERITA LTDA,VERITA,"Governador, Senador, Deputado Federal",1525,18/03/2026,GUILHERME ALVARENGA LAIA,"119350,00",2026-03-24 00:00:00,2026-03-17 23:13:35
PR013402026,PR,PARANÁ,NEOBE GESTAO E SERVICOS LTDA,NEOKEMP PESQUISAS,"Governador, Senador",1008,18/03/2026,LUCIA HELENA SILVA CARDOSO,"45000,00",2026-03-20 00:00:00,2026-03-17 12:56:24
AP021832026,AP,AMAPÁ,INSTITUTO VERITA LTDA,VERITA,"Governador, Senador, Deputado Federal, Deputado Estadual",1030,18/03/2026,GUILHERME ALVARENGA LAIA,"79310,00",2026-03-24 00:00:00,2026-03-17 23:02:46
MT023222026,MT,MATO GROSSO,INSTITUTO VERITA LTDA,VERITA,"Governador, Senador, Deputado Federal, Deputado Estadual",1220,18/03/2026,GUILHERME ALVARENGA LAIA,"93940,00",2026-03-24 00:00:00,2026-03-17 23:32:59
MA069472026,MA,MARANHÃO,ECONOMETRICA PESQUISA LTDA,ECONOMETRICA PESQUISA,"Governador, Senador",1556,18/03/2026,DANILIO SILVA SANTOS,"40000,00",2026-03-21 00:00:00,2026-03-25 21:14:02
AL034002026,AL,ALAGOAS,INSTITUTO VERITA LTDA,VERITA,"Governador, Senador, Deputado Federal, Deputado Estadual",1220,18/03/2026,GUILHERME ALVARENGA LAIA,"93940,00",2026-03-24 00:00:00,2026-03-17 23:08:32
ES060022026,ES,ESPÍRITO SANTO,INSTITUTO VERITA LTDA,VERITA,"Governador, Senador, Deputado Federal, Deputado Estadual",1220,18/03/2026,GUILHERME ALVARENGA LAIA,"93940,00",2026-03-24 00:00:00,2026-03-17 23:36:02
RS020542026,RS,RIO GRANDE DO SUL,INSTITUTO METHODUS ANALISE DE MERCADO SOCIEDADE SIMPLES LIMITADA,#NULO#,"Governador, Senador",1010,18/02/2026,Angela Maria da Silva,"40000,00",2026-02-24 00:00:00,2026-02-20 16:52:16
BA077352026,BA,BAHIA,TML DE SOUZA PAIVA PUBLICIDADES,PUBLIVENDE ASSSSSORIA E COMUNICACAO,"Governador, Senador",2045,18/02/2026,HILDETE ALVES DA COSTA,"28000,00",2026-02-21 00:00:00,2026-02-18 22:13:59
MA025612026,MA,MARANHÃO,M D C LEMOS LTDA,INOP PREVISAO PESQUISAS SERVICOS E PUBLICIDADES,"Governador, Senador",2502,18/01/2026,VITOR EMMANUEL BOUÇAS DA SILVA,"38000,00",2026-01-28 00:00:00,2026-01-20 15:48:36
PR084512026,PR,PARANÁ,INSTITUTO PARANA DE PESQUISAS E ANALISE DE CONSUMIDOR LTDA,#NULO#,"Governador, Senador",1300,18/01/2026,Tatiani Cristina Ara,"70000,00",2026-01-22 00:00:00,2026-01-17 14:03:48
PA006362026,PA,PARÁ,100% CIDADES PARTICIPACOES LTDA,100 CIDADES,"Governador, Senador",1000,17/08/2026,FABIOLA MIRANDA VON RONDOW,"80000,00",2026-08-19 00:00:00,2026-08-21 18:27:42
SE084322026,SE,SERGIPE,CTAS CAPACITACAO E CONSULTORIA LTDA,CTAS TECNOLOGIA,"Governador, Senador, Deputado Federal, Deputado Estadual",1224,17/08/2026,SIDNEY BARRETO BATISTA,"20000,00",2026-08-21 00:00:00,2026-08-16 21:40:53
MG037942026,MG,MINAS GERAIS,DATA TEMPO LIMITADA,#NULO#,"Governador, Senador, Deputado Federal, Deputado Estadual",1000,17/08/2026,Bruno Augusto Silva Andrade,"55780,00",2026-08-20 00:00:00,2026-08-17 14:55:19
AC031292026,AC,ACRE,DATA CONTROL INSTITUTO DE PESQUISA LTDA - ME,DATA CONTROL INSTITUTO DE PESQUISA,"Governador, Senador, Deputado Federal, Deputado Estadual",1620,17/08/2026,JOSE AILTON ALENCAR DA SILVA,"20000,00",2026-08-23 00:00:00,2026-08-17 18:16:08
PR017542026,PR,PARANÁ,INDICE INTELIGENCIA LTDA,INDICE INTELIGENCIA,"Governador, Senador",1200,17/08/2026,Ianne Rafaella Santos Melo,"15000,00",2026-08-19 00:00:00,2026-08-16 12:10:29
MT038332026,MT,MATO GROSSO,PERCENT PESQUISA DE MERCADO E OPINIAO LTDA,PERCENT PESQUISA DE MERCADO E OPINIAO,"Deputado Federal, Deputado Estadual",2800,17/08/2026,Nathany Luzia de Oliveira,"29550,00",2026-08-23 00:00:00,2026-08-17 15:09:50
AM038242026,AM,AMAZONAS,M P VALIN EIRELI,PROJETA PESQUISA DE MERCADO OPNIAO PUBLICA,"Governador, Senador",3000,17/08/2026,Marcel Paredes Valin,"84000,00",2026-08-21 00:00:00,2026-08-17 17:43:10
PA011792026,PA,PARÁ,V. C. H. A. SERVICOS LTDA.,VERITATE,"Governador, Senador, Deputado Federal, Deputado Estadual",1400,17/08/2026,Demetrio Alcone Peres,"60000,00",2026-08-22 00:00:00,2026-08-18 23:31:41
BA044722026,BA,BAHIA,"INSTITUTO OPNUS DE PESQUISA, CONSULTORIA E INTELIGENCIA DE DADOS LTDA",INSTITUTO OPNUS,"Governador, Senador",1200,17/08/2026,LUCAS ARAUJO DA SILVA,"148800,00",2026-08-22 00:00:00,2026-08-17 19:51:40
MS059582026,MS,MATO GROSSO DO SUL,RANKING BRASIL INTELIGENCIA LTDA,RANKING BRASIL INTELIGENCIA,"Governador, Senador",1000,17/07/2026,AUGUSTO DA SILVA ROCHA,"10000,00",2026-07-21 00:00:00,2026-07-16 14:07:37
SC022492026,SC,SANTA CATARINA,MAPA MARKETING E PARTICIPACOES LTDA,#NULO#,"Governador, Senador",1008,17/07/2026,Andrigo Rodrigues,"54000,00",2026-07-22 00:00:00,2026-07-17 13:39:26
MA025812026,MA,MARANHÃO,VERITAS PLANEJAMENTO E ASSESSORIA LTDA,VERITAS PLANEJAMENTO,"Governador, Senador",1000,17/07/2026,Erika Cristina Ferreira,"80000,00",2026-07-20 00:00:00,2026-07-16 23:27:52
RN057922026,RN,RIO GRANDE DO NORTE,QUALITTA EMPREEDIMENTOS LTDA,QUALITTA EMPREENDIMENTOS,"Governador, Senador, Deputado Federal, Deputado Estadual",1200,17/07/2026,AUGUSTO DA SILVA ROCHA,"22000,00",2026-07-21 00:00:00,2026-07-16 22:03:48
GO088332026,GO,GOIÁS,SMS - DIRECT PESQUISAS E MARKETING LTDA,DIRECT PESQUISAS,"Governador, Senador, Deputado Federal, Deputado Estadual",1500,17/07/2026,Jose Dos Reis Cunha Filho,"12000,00",2026-07-21 00:00:00,2026-07-18 11:24:28
PB079552026,PB,PARAÍBA,INSTITUTO DE PESQUISA DE GESTAO E POLITICA PARAIBANO LTDA,INSTITUTO DE PESQUISA PODIUM,"Governador, Senador",591,17/06/2026,Hildete Alves da Costa,"5910,00",2026-06-18 00:00:00,2026-06-19 18:52:10
TO053792026,TO,TOCANTINS,REAL TIME MIDIA LTDA,REAL TIME BIG DATA,"Governador, Senador",1600,17/06/2026,Isabela Zara Cremoneze,"64000,00",2026-06-18 00:00:00,2026-06-13 11:43:20
MG013032026,MG,MINAS GERAIS,"PANORAMA COMUNICACAO, PESQUISA E ASSESSORIA LTDA",INSTITUTO PANORAMA,Governador,1600,17/06/2026,Francy Anne Barbosa Cesar,"82000,00",2026-06-23 00:00:00,2026-06-16 18:12:58
PI095362026,PI,PIAUÍ,A J TECH LTDA,VETOR TECNOLOGIA E PESQUISAS,"Governador, Senador, Deputado Federal, Deputado Estadual",1600,17/06/2026,Laércio de Sousa Araújo,"38000,00",2026-06-24 00:00:00,2026-06-23 21:41:27
RN071952026,RN,RIO GRANDE DO NORTE,DATA CAPITAL PESQUISAS E CONSULTORIA LTDA,DATA CAPITAL PESQUISAS E CONSULTORIA,"Governador, Senador, Deputado Federal, Deputado Estadual, Deputado Distrital",1900,17/06/2026,THIAGO MOTA CARNEIRO,"15000,00",2026-06-19 00:00:00,2026-06-25 18:25:44
PR016672026,PR,PARANÁ,RADAR INTELIGENCIA LTDA,RADAR ESTATISTICA,"Governador, Senador",625,17/06/2026,José Mario Lima,"27500,00",2026-06-21 00:00:00,2026-06-16 18:13:13
AM076122026,AM,AMAZONAS,IPEN - INSTITUTO DE PESQUISA DO NORTE LTDA - ME,IPEN - INSTITUTO DE PESQUISA DO NORTE,"Governador, Senador, Deputado Federal, Deputado Estadual",1200,17/05/2026,JOAO ALVES DE SOUZA FILHO,"60000,00",2026-05-22 00:00:00,2026-05-20 18:58:42
GO010192026,GO,GOIÁS,SMS - DIRECT PESQUISAS E MARKETING LTDA,DIRECT PESQUISAS,"Governador, Senador, Deputado Federal, Deputado Estadual",600,17/04/2026,José Dos Reis Cunha Filho,"5000,00",2026-04-18 00:00:00,2026-04-17 21:31:53
RS016192026,RS,RIO GRANDE DO SUL,BRASMARKET ANALISE E INVESTIGACAO DE MERCADO LTDA,BRASMARKET,"Governador, Senador",1200,17/04/2026,JULIANE SILVEIRA FREIE DA SILVA,"35000,00",2026-04-21 00:00:00,2026-04-16 16:38:51
PB006362026,PB,PARAÍBA,INDICE INTELIGENCIA LTDA,INDICE INTELIGENCIA,"Governador, Senador, Deputado Federal, Deputado Estadual",2400,17/04/2026,Ianne Rafaella Santos Melo,"20000,00",2026-04-19 00:00:00,2026-04-16 13:19:47
RJ024432026,RJ,RIO DE JANEIRO,PREFAB FUTURE PUBLICIDADE E PESQUISAS LTDA,PREFAB FUTURE,Governador,2000,17/04/2026,Sergio Ribeiro dos Santos,"25000,00",2026-04-22 00:00:00,2026-04-17 21:27:10
RN055622026,RN,RIO GRANDE DO NORTE,INSTITUTO DATA CENSUS POTIGUAR LTDA,#NULO#,"Governador, Senador, Deputado Federal, Deputado Estadual, Deputado Distrital",2000,17/04/2026,KALLINE FABIANA SILVEIRA MARINHO,"10000,00",2026-04-20 00:00:00,2026-04-16 21:23:38
SE097672026,SE,SERGIPE,OSCAR WAGNER DE SOUZA FERREIRA,W1 WEBTV,"Governador, Senador",1000,17/04/2026,DANILO MESSIAS NASCIMENTO E SANTOS,"30000,00",2026-04-20 00:00:00,2026-04-17 07:38:52
AC080982026,AC,ACRE,DATA CONTROL INSTITUTO DE PESQUISA LTDA - ME,DATA CONTROL INSTITUTO DE PESQUISA,"Governador, Senador, Deputado Federal, Deputado Estadual",600,17/03/2026,JOSÉ AILTON ALENCAR DA SILVA,"15000,00",2026-03-20 00:00:00,2026-03-19 00:32:14
ES076032026,ES,ESPÍRITO SANTO,BRAND CONSULTORIA E GESTAO LTDA,#NULO#,Governador,800,17/03/2026,Vera Lucia Candiani,"30000,00",2026-03-21 00:00:00,2026-03-20 09:33:32
AP008372026,AP,AMAPÁ,VERITAS PLANEJAMENTO E ASSESSORIA LTDA,VERITAS PLANEJAMENTO,"Governador, Senador",800,17/03/2026,Érika Cristina Ferreira,"30000,00",2026-03-19 00:00:00,2026-03-16 15:27:36
AM003832026,AM,AMAZONAS,REAL TIME MIDIA LTDA,REAL TIME BIG DATA,"Governador, Senador",1500,17/03/2026,Isabela Zara Cremoneze,"60000,00",2026-03-18 00:00:00,2026-03-13 15:56:38
CE051392026,CE,CEARÁ,INSTITUTO PARANA DE PESQUISAS E ANALISE DE CONSUMIDOR LTDA,#NULO#,"Governador, Senador",1502,17/01/2026,Tatiani Cristina Ara,"125000,00",2026-01-21 00:00:00,2026-01-16 17:44:24
SP089132026,SP,SÃO PAULO,INSTITUTO PARANA DE PESQUISAS E ANALISE DE CONSUMIDOR LTDA,#NULO#,"Governador, Senador",1680,16/08/2026,Tatiani Cristina Ara,"50000,00",2026-08-18 00:00:00,2026-08-13 17:40:04
PE066882026,PE,PERNAMBUCO,SIMPLEX CONSULTORIA ECONOMICA E EMPRESARIAL LTDA,SIMPLEX CONSULTORIA ECONOMICA E EMPRESARIAL,"Governador, Senador",1067,16/08/2026,Bruna Rafaella Sales Claudino,"37345,00",2026-08-21 00:00:00,2026-08-17 15:16:07
PI041382026,PI,PIAUÍ,ESTIMATIVA EDITORA COMUNICACAO E GRAFICA EIRELI,INSTITUTO ESTIMATIVA,"Governador, Senador, Deputado Federal, Deputado Estadual",301,16/08/2026,LAERCIO DE SOUSA ARAUJO,"2800,00",2026-08-17 00:00:00,2026-08-15 19:28:03
GO008492026,GO,GOIÁS,SMS - DIRECT PESQUISAS E MARKETING LTDA,DIRECT PESQUISAS,"Governador, Senador, Deputado Federal, Deputado Estadual",700,16/08/2026,Jose Dos Reis Cunha Filho,"6000,00",2026-08-18 00:00:00,2026-08-17 22:47:42
RS093132026,RS,RIO GRANDE DO SUL,INSTITUTO PARANA DE PESQUISAS E ANALISE DE CONSUMIDOR LTDA,#NULO#,"Governador, Senador",1500,16/07/2026,Tatiani Cristina Ara,"135600,00",2026-07-19 00:00:00,2026-07-16 18:42:44
GO014752026,GO,GOIÁS,INSTITUTO MAIS,INSTITUTO MAIS,"Governador, Senador",1200,16/07/2026,Augusto da Silva Rocha,"25000,00",2026-07-20 00:00:00,2026-07-15 15:53:52
RN047542026,RN,RIO GRANDE DO NORTE,ATLASINTEL TECNOLOGIA DE DADOS LTDA,ATLASINTEL,"Governador, Senador",1200,16/07/2026,Andrei Camilo dos Santos,"60000,00",2026-07-21 00:00:00,2026-07-16 15:14:50
SE006012026,SE,SERGIPE,CTAS CAPACITACAO E CONSULTORIA LTDA,CTAS TECNOLOGIA,"Governador, Senador, Deputado Federal, Deputado Estadual",1224,16/06/2026,Sidney Barreto Batista,"24000,00",2026-06-20 00:00:00,2026-06-15 11:10:53
AC049142026,AC,ACRE,REAL TIME MIDIA LTDA,REAL TIME BIG DATA,"Governador, Senador",1600,16/06/2026,Isabela Zara Cremoneze,"64000,00",2026-06-17 00:00:00,2026-06-12 18:12:27
SP086392026,SP,SÃO PAULO,INSTITUTO PARANA DE PESQUISAS E ANALISE DE CONSUMIDOR LTDA,#NULO#,"Governador, Senador",1600,16/06/2026,Tatiani Cristina Ara,"50000,00",2026-06-18 00:00:00,2026-06-13 16:53:22
RO062532026,RO,RONDÔNIA,INSTITUTO VERITA LTDA,VERITA,"Governador, Senador",1220,16/06/2026,GUILHERME ALVARENGA LAIA,"93940,00",2026-06-20 00:00:00,2026-06-15 20:47:10
PI008062026,PI,PIAUÍ,ATLASINTEL TECNOLOGIA DE DADOS LTDA,ATLASINTEL,"Governador, Senador",1200,16/06/2026,Andrei Camilo dos Santos,"80000,00",2026-06-21 00:00:00,2026-06-16 18:26:25
SE001812026,SE,SERGIPE,INSTITUTO VERITA LTDA,VERITA,"Governador, Senador",1220,16/06/2026,GUILHERME ALVARENGA LAIA,"93940,00",2026-06-20 00:00:00,2026-06-15 20:58:04
MS026592026,MS,MATO GROSSO DO SUL,INSTITUTO VERITA LTDA,VERITA,"Governador, Senador",1220,16/06/2026,GUILHERME ALVARENGA LAIA,"93940,00",2026-06-20 00:00:00,2026-06-15 20:40:04
SE037422026,SE,SERGIPE,INOR - INSTITUTO DE PESQUISA DO NORDESTE LTDA,#NULO#,"Governador, Senador",1070,16/06/2026,DRIELLY JULIANNE RODRIGUES SANTOS,"20000,00",2026-06-18 00:00:00,2026-06-15 22:21:38
RR007552026,RR,RORAIMA,INSTITUTO VERITA LTDA,VERITA,"Governador, Senador",1030,16/06/2026,GUILHERME ALVARENGA LAIA,"79310,00",2026-06-20 00:00:00,2026-06-15 20:53:30
GO013362026,GO,GOIÁS,INSTITUTO GAZETA LTDA,IGAPE- INSTITUTO GAZETA DE PEQUISAS,"Governador, Senador, Deputado Federal, Deputado Estadual",2000,16/05/2026,FILIPE MOREIRA MARTINE,"8000,00",2026-05-21 00:00:00,2026-05-15 16:34:45
PI040722026,PI,PIAUÍ,ESTIMATIVA EDITORA COMUNICACAO E GRAFICA EIRELI,INSTITUTO ESTIMATIVA,"Governador, Senador, Deputado Federal, Deputado Estadual",301,16/05/2026,Laércio de Sousa Araújo,"2500,00",2026-05-17 00:00:00,2026-05-18 22:48:12
PR061782026,PR,PARANÁ,IRG PESQUISAS LTDA,#NULO#,"Governador, Senador",1000,16/05/2026,Dinarte Orlandi ,"25000,00",2026-05-20 00:00:00,2026-05-15 21:32:24
PI058472026,PI,PIAUÍ,INSTITUTO DIVULGA LTDA,INSTITUTO DIVULGA,"Governador, Senador, Deputado Federal, Deputado Estadual, Deputado Distrital",300,16/05/2026,RANIERE ALVES BRASIL,"6000,00",2026-05-17 00:00:00,2026-05-24 22:34:18
PE076112026,PE,PERNAMBUCO,ANDRE CAVALCANTE FALABELLA LTDA,INSTITUTO DE PESQUISA MULTIPLA,"Governador, Senador",1070,16/05/2026,Eduardo José Pereira da Costa ,"20000,00",2026-05-20 00:00:00,2026-05-18 21:28:38
RN035802026,RN,RIO GRANDE DO NORTE,PNH PESQUISA DE MERCADO E OPINIAO PUBLICA LTDA.,AFFARE INSTITUTE,"Governador, Senador",1500,16/05/2026,Emídio Cavalcanti de Albuquerque,"22500,00",2026-05-21 00:00:00,2026-05-16 06:16:47
RN020352026,RN,RIO GRANDE DO NORTE,PARLA MENTORS CONSULTORIA LTDA,PARLA MENTORS CONSULTORIA,"Governador, Senador, Deputado Federal, Deputado Estadual",400,16/04/2026,Jéssica da Silva Braga,"8000,00",2026-04-18 00:00:00,2026-04-16 15:25:45
BA018602026,BA,BAHIA,MEDIA - INTELIGENCIA EM PESQUISA LTDA,MEDIA - INTELIGENCIA EM PESQUISA,"Governador, Deputado Federal, Deputado Estadual",600,16/04/2026,AUGUSTO DA SILVA ROCHA,"6000,00",2026-04-21 00:00:00,2026-04-16 10:38:45
PI062762026,PI,PIAUÍ,INSTITUTO PIAUIENSE DE OPINIAO PUBLICA LTDA - EPP,AMOSTRAGEM OPINIAO E MERCADO,"Governador, Senador, Deputado Federal, Deputado Estadual",400,16/04/2026,JOÃO BATISTA MENDES TELES,"12000,00",2026-04-20 00:00:00,2026-04-20 20:05:14
PE074982026,PE,PERNAMBUCO,NUMEN DATA PESQUISA E CONSULTORIA LTDA,NUMEN DATA,"Governador, Senador",1100,16/04/2026,Lorena Maurícia Neris Silva,"21000,00",2026-04-18 00:00:00,2026-04-14 12:01:03
SE075062026,SE,SERGIPE,INSTITUTO FRANCA DE PESQUISAS LTDA,INSTITUTO FRANCA DE PESQUISA PESQUISA E ASSESSORIA,"Governador, Senador, Deputado Federal, Deputado Estadual",1224,16/03/2026,Aldine Andréa Oliveira de Sousa Cabral,"10000,00",2026-03-18 00:00:00,2026-03-12 23:29:10
MS023462026,MS,MATO GROSSO DO SUL,RANKING BRASIL INTELIGENCIA LTDA,RANKING BRASIL INTELIGENCIA,"Governador, Senador",1000,16/03/2026,Augusto da Silva Rocha,"10000,00",2026-03-20 00:00:00,2026-03-16 12:06:47
SP021782026,SP,SÃO PAULO,GERP MERCADOLOGIA LTDA,GRUPO GERP GERP MERCADO GERP OPINIAO GERPAUDIT,"Governador, Senador",1000,16/03/2026,CLENILSON SANTOS DE OLIVEIRA,"22500,00",2026-03-20 00:00:00,2026-03-17 11:06:26
SE056882026,SE,SERGIPE,"ECM - EDICAO, COMUNICACAO & MARKETING LTDA",ECM-PESQUISAS,"Governador, Senador, Deputado Federal, Deputado Estadual, Deputado Distrital",1200,16/03/2026,Flávio Ferreira da Conceição,"12000,00",2026-03-20 00:00:00,2026-03-13 08:18:05
AC083542026,AC,ACRE,F. FACANHA DE ALMEIDA,DELTA AGENCIA DE PESQUISA,"Governador, Senador",1006,16/03/2026,ALEXANDRE VASCONCELOS LIMA,"26000,00",2026-03-21 00:00:00,2026-03-16 20:26:22
GO075692026,GO,GOIÁS,REAL TIME MIDIA LTDA,REAL TIME BIG DATA,"Governador, Senador",1500,16/03/2026,Isabela Zara Cremoneze,"60000,00",2026-03-17 00:00:00,2026-03-12 16:40:25
CE079252026,CE,CEARÁ,DATAFOLHA INSTITUTO DE PESQUISAS LTDA.,#NULO#,"Governador, Senador",816,16/03/2026,Renata Nunes Cesar,"81600,00",2026-03-18 00:00:00,2026-03-17 18:14:54
PB025742026,PB,PARAÍBA,INSTITUTO RANKING DE PESQUISA LTDA,INSTITUTO RANKING PESQUISA,"Governador, Senador, Deputado Federal, Deputado Estadual",1065,16/01/2026,Isis Milane Batista de Lima,"25000,00",2026-01-18 00:00:00,2026-01-15 10:32:36
RO008282026,RO,RONDÔNIA,J J COELHO,INSTITUTO PHOENIX & ASSOCIADOS,"Governador, Senador, Deputado Federal, Deputado Estadual",801,16/01/2026,LINIANE GAZOLA,"6650,00",2026-01-20 00:00:00,2026-01-14 17:58:26
RJ006302026,RJ,RIO DE JANEIRO,VETOR ARROW INSTITUTO DE PESQUISA E OPINIAO LTDA,#NULO#,"Governador, Senador, Deputado Federal, Deputado Estadual",14000,15/08/2026,Luciano Moura Silva,"140000,00",2026-08-18 00:00:00,2026-06-02 16:34:28
TO078962026,TO,TOCANTINS,INSTITUTO VERITA LTDA,VERITA,"Governador, Senador",1220,15/08/2026,Guilherme Alvarenga Laia,"93940,00",2026-08-19 00:00:00,2026-08-14 22:08:33
RN025132026,RN,RIO GRANDE DO NORTE,DATA CAPITAL PESQUISAS E CONSULTORIA LTDA,DATA CAPITAL PESQUISAS E CONSULTORIA,"Governador, Senador, Deputado Federal, Deputado Estadual, Deputado Distrital",2100,15/08/2026,THIAGO MOTA CARNEIRO,"18000,00",2026-08-18 00:00:00,2026-08-19 18:43:43
RO067472026,RO,RONDÔNIA,J J COELHO,INSTITUTO PHOENIX & ASSOCIADOS,"Governador, Senador, Deputado Federal, Deputado Estadual",961,15/08/2026,AUGUSTO DA SILVA ROCHA,"11150,00",2026-08-18 00:00:00,2026-08-15 07:29:43
BA028062026,BA,BAHIA,INSTITUTO VERITA LTDA,VERITA,"Governador, Senador",2020,15/08/2026,Guilherme Alvarenga Laia,"155540,00",2026-08-19 00:00:00,2026-08-14 22:07:16
GO086512026,GO,GOIÁS,INSTITUTO GAZETA LTDA,IGAPE- INSTITUTO GAZETA DE PEQUISAS,"Governador, Senador, Deputado Federal, Deputado Estadual",4100,15/08/2026,FILIPE MOREIRA MARTINE,"15000,00",2026-08-24 00:00:00,2026-08-20 18:58:46
MA099712026,MA,MARANHÃO,LAIS CRISTINA RODRIGUES DE OLIVEIRA LTDA,IPSENSUS PESQUISAS,"Governador, Senador, Deputado Federal, Deputado Estadual",1480,15/08/2026,AUGUSTO DA SILVA ROCHA,"15000,00",2026-08-20 00:00:00,2026-08-14 22:05:23
MT043902026,MT,MATO GROSSO,MT DADOS ASSESSORIA E MARKETING LTDA,MT DADOS PESQUISAS,"Governador, Senador, Deputado Federal, Deputado Estadual",3080,15/08/2026,Giordano Pedreira Perez da Silveira,"65000,00",2026-08-20 00:00:00,2026-08-15 13:30:03
MA005662026,MA,MARANHÃO,MARIA M DA SILVA,COMPLETA PESQUISAS DE OPNIAO,"Governador, Senador, Deputado Federal, Deputado Estadual",1500,15/08/2026,DANILIO SILVA SANTOS,"60000,00",2026-08-20 00:00:00,2026-08-16 14:05:10
BA033672026,BA,BAHIA,INSTITUTO DATATRENDS LTDA,DATATRENDS,"Governador, Senador",1200,15/08/2026,Ythalo Hugo da SIlva Santos,"15000,00",2026-08-17 00:00:00,2026-08-13 22:35:05
CE082232026,CE,CEARÁ,REAL TIME MIDIA LTDA,REAL TIME BIG DATA,"Governador, Senador",1600,15/08/2026,Isabela Zara Cremoneze,"24000,00",2026-08-19 00:00:00,2026-08-14 15:31:02
RN009682026,RN,RIO GRANDE DO NORTE,MENSURY PESQUISAS LTDA,DATA PLUS PESQUISA E CONSULTORIA,"Governador, Senador, Deputado Federal, Deputado Estadual, Deputado Distrital",1500,15/08/2026,Israel Oliveira da Costa Sousa,"20000,00",2026-08-19 00:00:00,2026-08-24 15:36:11
MT048792026,MT,MATO GROSSO,MT DADOS ASSESSORIA E MARKETING LTDA,MT DADOS PESQUISAS,"Governador, Senador, Deputado Federal, Deputado Estadual",2800,15/07/2026,Giordano Pedreira Perez da Silveira,"65000,00",2026-07-21 00:00:00,2026-07-21 15:05:13
PE033232026,PE,PERNAMBUCO,SIMPLEX CONSULTORIA ECONOMICA E EMPRESARIAL LTDA,SIMPLEX CONSULTORIA ECONOMICA E EMPRESARIAL,"Governador, Senador",1067,15/07/2026,Bruna Rafaella Sales Claudino,"37345,00",2026-07-20 00:00:00,2026-07-15 22:57:53
RN083072026,RN,RIO GRANDE DO NORTE,INSTITUTO DATA CENSUS POTIGUAR LTDA,#NULO#,"Governador, Senador, Deputado Federal, Deputado Estadual",2000,15/07/2026,KALLINE FABIANA SILVEIRA MARINHO,"10000,00",2026-07-19 00:00:00,2026-07-14 10:04:42
RJ079032026,RJ,RIO DE JANEIRO,VETOR ARROW INSTITUTO DE PESQUISA E OPINIAO LTDA,#NULO#,"Governador, Senador, Deputado Federal, Deputado Estadual",14000,15/07/2026,Luciano Moura Silva,"140000,00",2026-07-20 00:00:00,2026-06-30 16:41:23
AL048572026,AL,ALAGOAS,GRUPO DE PESQUISA SAO JUDAS TADEU LTDA,TDL PESQUISA,"Governador, Senador",1200,15/07/2026,Denivaldo da Conceicao Fernandes de Oliveira,"47000,00",2026-07-17 00:00:00,2026-07-14 13:33:59
PI057872026,PI,PIAUÍ,ATLASINTEL TECNOLOGIA DE DADOS LTDA,ATLASINTEL,"Governador, Senador",1200,15/07/2026,Andrei Camilo dos Santos,"80000,00",2026-07-20 00:00:00,2026-07-15 18:04:26
PB083532026,PB,PARAÍBA,SETA INSTITUTO DE PESQUISA LTDA,INSTITUTO SETA DE PESQUISA,"Governador, Senador, Deputado Federal, Deputado Estadual",700,15/07/2026,Galttieri Ferreira Tavares,"5000,00",2026-07-16 00:00:00,2026-07-15 23:59:50
GO019842026,GO,GOIÁS,DANGER COMUNICACAO E MARKETING LTDA,MEDEIROS COMUNICACAO E ASSESSORIA,Deputado Federal,1705,15/06/2026,LUCAS MEDEIROS DE PAIVA,"2000,00",2026-06-23 00:00:00,2026-06-23 18:03:24
SC052322026,SC,SANTA CATARINA,NEOBE GESTAO E SERVICOS LTDA,NEOKEMP PESQUISAS,"Governador, Senador",1008,15/06/2026,LUCIA HELENA SILVA CARDOSO,"25000,00",2026-06-17 00:00:00,2026-06-11 20:59:14
GO034932026,GO,GOIÁS,DIAGNOSTICO PESQUISAS DE COMPORTAMENTO EIRELI,DIAGNOSTICO PESQUISAS DE COMPORTAMENTO,"Governador, Senador, Deputado Federal, Deputado Estadual",1100,15/06/2026,Alexandre Vasconcelos Lima,"65000,00",2026-06-18 00:00:00,2026-06-16 11:27:22
AM080422026,AM,AMAZONAS,DCASTRO COMUNICACAO E MARKETING LTDA,DIRETO AO PONTO PESQUISAS,"Governador, Senador",1200,15/06/2026,Marcio Antônio Couto Ferreira,"41500,00",2026-06-20 00:00:00,2026-06-16 18:38:08
RN017122026,RN,RIO GRANDE DO NORTE,SETA INSTITUTO DE PESQUISA LTDA,INSTITUTO SETA DE PESQUISA,"Governador, Senador, Deputado Federal, Deputado Estadual",1500,15/06/2026,Galttieri Ferreira Tavares,"15000,00",2026-06-17 00:00:00,2026-06-14 15:04:08
PB031122026,PB,PARAÍBA,INSTITUTO DE PESQUISA DE GESTAO E POLITICA PARAIBANO LTDA,INSTITUTO DE PESQUISA PODIUM,"Governador, Senador",582,15/06/2026,Hildete Alves da Costa,"5820,00",2026-06-17 00:00:00,2026-06-17 18:55:02
PB041852026,PB,PARAÍBA,INSTITUTO DE PESQUISA DE GESTAO E POLITICA PARAIBANO LTDA,INSTITUTO DE PESQUISA PODIUM,"Governador, Senador, Deputado Federal, Deputado Estadual",940,15/05/2026,Hildete Alves da Costa,"9400,00",2026-05-18 00:00:00,2026-05-16 22:11:09
GO020702026,GO,GOIÁS,INSTITUTO PARANA DE PESQUISAS E ANALISE DE CONSUMIDOR LTDA,#NULO#,"Governador, Senador",1350,15/05/2026,Tatiani Cristina Ara,"45000,00",2026-05-17 00:00:00,2026-05-12 15:58:40
GO073902026,GO,GOIÁS,SMS - DIRECT PESQUISAS E MARKETING LTDA,DIRECT PESQUISAS,"Governador, Senador, Deputado Federal, Deputado Estadual",800,15/04/2026,José Dos Reis Cunha Filho,"6000,00",2026-04-17 00:00:00,2026-04-14 21:01:52
PI021852026,PI,PIAUÍ,INSTITUTO PIAUIENSE DE OPINIAO PUBLICA LTDA - EPP,AMOSTRAGEM OPINIAO E MERCADO,"Governador, Senador, Deputado Federal, Deputado Estadual",400,15/04/2026,JOÃO BATISTA MENDES TELES,"12000,00",2026-04-18 00:00:00,2026-04-20 18:03:04
PI043412026,PI,PIAUÍ,INSTITUTO PIAUIENSE DE OPINIAO PUBLICA LTDA - EPP,AMOSTRAGEM OPINIAO E MERCADO,"Governador, Senador, Deputado Federal, Deputado Estadual",400,15/04/2026,JOÃO BATISTA MENDES TELES,"12000,00",2026-04-18 00:00:00,2026-04-20 19:07:59
PB010282026,PB,PARAÍBA,INSTITUTO DE PESQUISA DE GESTAO E POLITICA PARAIBANO LTDA,INSTITUTO DE PESQUISA PODIUM,"Governador, Senador, Deputado Federal, Deputado Estadual",157,15/03/2026,Hildete Alves da Costa,"1570,00",2026-03-15 00:00:00,2026-03-20 14:46:24
PB075092026,PB,PARAÍBA,INSTITUTO DE PESQUISA DE GESTAO E POLITICA PARAIBANO LTDA,INSTITUTO DE PESQUISA PODIUM,"Governador, Senador, Deputado Federal, Deputado Estadual",150,15/03/2026,Hildete Alves da Costa,"1500,00",2026-03-15 00:00:00,2026-03-20 14:30:15
GO009762026,GO,GOIÁS,INSTITUTO GAZETA LTDA,IGAPE- INSTITUTO GAZETA DE PEQUISAS,"Governador, Senador, Deputado Federal, Deputado Estadual, Deputado Distrital",1000,15/03/2026,Filipe Moreira Martine,"4000,00",2026-03-18 00:00:00,2026-03-14 20:56:23
RN038772026,RN,RIO GRANDE DO NORTE,CONSULTORIA E PESQUISA TECNICA LTDA,CONSULT PESQUISA,"Governador, Senador",1700,15/03/2026,Paulo de Tarso Teixeira Ferreira,"35000,00",2026-03-18 00:00:00,2026-03-13 11:25:14
GO039862026,GO,GOIÁS,SMS - DIRECT PESQUISAS E MARKETING LTDA,DIRECT PESQUISAS,"Governador, Senador, Deputado Federal, Deputado Estadual, Deputado Distrital",500,15/01/2026,José Dos Reis Cunha Filho,"3500,00",2026-01-16 00:00:00,2026-01-15 20:41:51
BA097622026,BA,BAHIA,BOAS IDEIAS INTELIGENCIA EM PESQUISA E ESTRATEGIA DIGITAL LTDA,"BOAS IDEIAS, ESTRATEGIA E INTELIGENCIA DIGITAL.","Governador, Senador",1500,14/08/2026,ADRIANA APARECIDA MARCAL,"35000,00",2026-08-18 00:00:00,2026-08-13 19:05:02
PA045332026,PA,PARÁ,ATLASINTEL TECNOLOGIA DE DADOS LTDA,ATLASINTEL,"Governador, Senador",1200,14/08/2026,ANDREI CAMILO DOS SANTOS,"60000,00",2026-08-19 00:00:00,2026-08-14 20:05:38
GO071632026,GO,GOIÁS,INSTITUTO GAZETA LTDA,IGAPE- INSTITUTO GAZETA DE PEQUISAS,"Governador, Senador, Deputado Federal, Deputado Estadual",2200,14/08/2026,FILIPE MOREIRA MARTINE,"8000,00",2026-08-18 00:00:00,2026-08-14 22:55:19
PR039532026,PR,PARANÁ,INSTITUTO RANKING DE PESQUISA LTDA,INSTITUTO RANKING PESQUISA,"Governador, Senador",1200,14/08/2026,Isis Milane Batista de Lima,"15000,00",2026-08-16 00:00:00,2026-08-13 19:52:14
GO017912026,GO,GOIÁS,INSTITUTO PARANA DE PESQUISAS E ANALISE DE CONSUMIDOR LTDA,#NULO#,"Governador, Senador",1240,14/08/2026,Tatiani Cristina Ara,"45000,00",2026-08-17 00:00:00,2026-08-12 18:43:10
RN099712026,RN,RIO GRANDE DO NORTE,PARLA MENTORS CONSULTORIA LTDA,PARLA MENTORS CONSULTORIA,"Governador, Senador, Deputado Federal, Deputado Estadual",1500,14/07/2026,jessica da silva braga,"20000,00",2026-07-19 00:00:00,2026-07-15 21:24:38
SE015792026,SE,SERGIPE,OSCAR WAGNER DE SOUZA FERREIRA,W1 WEBTV,"Governador, Senador, Deputado Federal, Deputado Estadual",1000,14/07/2026,DANILO MESSIAS NASCIMENTO E SANTOS,"40000,00",2026-07-18 00:00:00,2026-07-15 22:08:41
RO043692026,RO,RONDÔNIA,REAL TIME MIDIA LTDA,REAL TIME BIG DATA,"Governador, Senador",1600,14/07/2026,Isabela Zara Cremoneze,"24000,00",2026-07-15 00:00:00,2026-07-10 20:36:54
RS060262026,RS,RIO GRANDE DO SUL,EVA FRANCIELI DE SOUZA PEREIRA,IGAPE INSTITUTO GAUCHO DE PESQUISAS DE OPINIAO,"Governador, Senador, Deputado Federal, Deputado Estadual",1200,14/07/2026,Usiara Britto,"10000,00",2026-07-17 00:00:00,2026-07-14 07:59:07
RN098622026,RN,RIO GRANDE DO NORTE,PARLA MENTORS CONSULTORIA LTDA,PARLA MENTORS CONSULTORIA,"Governador, Senador, Deputado Federal, Deputado Estadual",1500,14/07/2026,JESSICA DA SILVA BRAGA,"20000,00",2026-07-19 00:00:00,2026-07-14 16:32:30
PB084442026,PB,PARAÍBA,M DE O DA COSTA AVANCY,AVANCY,"Governador, Senador, Deputado Federal, Deputado Estadual",400,14/05/2026,David Leal de carvalho ,"2000,00",2026-05-19 00:00:00,2026-05-14 20:17:49
PI053752026,PI,PIAUÍ,"DATANORTE PORTAIS, COMUNICACAO, PUBLICIDADE E PESQUISAS DE OPINIAO LTDA",DATANORTE INSTITUTO DE PESQUISAS,"Governador, Senador, Deputado Federal, Deputado Estadual",1500,14/05/2026,José Dos Reis Cunha Filho,"8000,00",2026-05-17 00:00:00,2026-05-14 22:14:16
PI005712026,PI,PIAUÍ,MORAIS & DIAS INSTITUTO DE OPINI O P BLICA LTDA  - ME,#NULO#,"Governador, Senador, Deputado Federal, Deputado Estadual",312,14/04/2026,Laércio de Sousa Araújo,"4000,00",2026-04-16 00:00:00,2026-04-18 18:12:29
MS004902026,MS,MATO GROSSO DO SUL,INSTITUTO VERITA LTDA,VERITA,"Governador, Senador, Deputado Federal, Deputado Estadual",1220,14/04/2026,GUILHERME ALVARENGA LAIA,"93940,00",2026-04-18 00:00:00,2026-04-13 21:59:54
PE029512026,PE,PERNAMBUCO,OPINIAO PESQUISAS SOCIAIS LTDA,OPINIAO PESQUISAS SOCIAIS,"Governador, Senador",2000,14/04/2026,José Joaquim Lira Roberto Braga,"45000,00",2026-04-17 00:00:00,2026-04-13 18:50:51
RN083842026,RN,RIO GRANDE DO NORTE,EXATUS CONSULTORIA E PESQUISA LTDA,EXATUS CONSULTORIA E PESQUISA,"Governador, Senador, Deputado Federal, Deputado Estadual",1518,14/04/2026,Ythalo Hugo da Silva Santos,"30000,00",2026-04-17 00:00:00,2026-04-22 23:50:33
GO058562026,GO,GOIÁS,SMS - DIRECT PESQUISAS E MARKETING LTDA,DIRECT PESQUISAS,"Governador, Senador, Deputado Federal, Deputado Estadual",1200,14/03/2026,José Dos Reis Cunha Filho,"15000,00",2026-03-17 00:00:00,2026-03-13 22:19:14
TO074132026,TO,TOCANTINS,LUCRO ATIVO LTDA,LUCRO ATIVO,"Governador, Senador, Deputado Federal, Deputado Estadual",800,14/03/2026,Galttieri ferreira Tavares,"5000,00",2026-03-19 00:00:00,2026-03-14 19:04:22
GO047102026,GO,GOIÁS,SMS - DIRECT PESQUISAS E MARKETING LTDA,DIRECT PESQUISAS,"Governador, Senador, Deputado Federal, Deputado Estadual",350,14/03/2026,José Dos Reis Cunha Filho,"4000,00",2026-03-15 00:00:00,2026-03-11 22:06:17
PB049012026,PB,PARAÍBA,INSTITUTO DE PESQUISA DE GESTAO E POLITICA PARAIBANO LTDA,INSTITUTO DE PESQUISA PODIUM,"Governador, Senador, Deputado Federal, Deputado Estadual",155,14/03/2026,Hildete Alves da Costa,"1550,00",2026-03-14 00:00:00,2026-03-20 15:19:37
RS025502026,RS,RIO GRANDE DO SUL,REAL TIME MIDIA LTDA,REAL TIME BIG DATA,"Governador, Senador",1500,14/03/2026,Isabela Zara Cremoneze,"60000,00",2026-03-16 00:00:00,2026-03-11 21:25:26
PB068382026,PB,PARAÍBA,INSTITUTO DE PESQUISA DE GESTAO E POLITICA PARAIBANO LTDA,INSTITUTO DE PESQUISA PODIUM,"Governador, Senador, Deputado Federal, Deputado Estadual",152,14/03/2026,Hildete Alves da Costa,"1520,00",2026-03-14 00:00:00,2026-03-20 15:04:51
MG068972026,MG,MINAS GERAIS,DATA TEMPO LIMITADA,#NULO#,"Governador, Senador",2000,14/03/2026,Bruno Augusto Silva Andrade,"170000,00",2026-03-18 00:00:00,2026-03-13 15:43:49
SE089782026,SE,SERGIPE,INSTITUTO VERITA LTDA,VERITA,"Governador, Senador",1220,13/08/2026,Guilherme Alvarenga Laia,"70000,00",2026-08-17 00:00:00,2026-08-17 18:43:50
PR092622026,PR,PARANÁ,REAL TIME MIDIA LTDA,REAL TIME BIG DATA,"Governador, Senador",1600,13/08/2026,Isabela Zara Cremoneze,"24000,00",2026-08-17 00:00:00,2026-08-12 22:08:05
RN005222026,RN,RIO GRANDE DO NORTE,PERFIL PESQUISAS TECNICAS LTDA,PERFIL PESQUISAS TECNICAS,"Governador, Senador, Deputado Federal, Deputado Estadual",1600,13/08/2026,AMAURY MACEDO DO NASCIMENTO,"15000,00",2026-08-16 00:00:00,2026-08-13 12:46:14
TO095732026,TO,TOCANTINS,NEXUS PESQUISA E INTELIGENCIA DE DADOS LTDA,NEXUS,"Governador, Senador",1200,13/08/2026,Neale Ahmed El Dash,"90000,00",2026-08-18 00:00:00,2026-08-13 09:06:29
CE001952026,CE,CEARÁ,INTELIGENCIA EM PESQUISA E CONSULTORIA LTDA,IPEC,"Governador, Senador",800,13/08/2026,MARCIA CAVALLARI NUNES,"90000,00",2026-08-19 00:00:00,2026-08-13 12:35:13
PR090482026,PR,PARANÁ,INSTITUTO PARANA DE PESQUISAS E ANALISE DE CONSUMIDOR LTDA,#NULO#,"Governador, Senador",1520,13/08/2026,Tatiani Cristina Ara,"135200,00",2026-08-16 00:00:00,2026-08-11 20:57:28
SE049302026,SE,SERGIPE,INOR - INSTITUTO DE PESQUISA DO NORDESTE LTDA,#NULO#,"Governador, Senador",1070,13/08/2026,DRIELLY JULIANNE RODRIGUES SANTOS,"20000,00",2026-08-16 00:00:00,2026-08-12 23:58:39
ES070932026,ES,ESPÍRITO SANTO,INSTITUTO DE PESQUISAS PERFIL LTDA,#NULO#,"Governador, Senador",1800,13/07/2026,LINIANE GAZOLA,"40000,00",2026-07-16 00:00:00,2026-07-12 12:26:20
RJ022092026,RJ,RIO DE JANEIRO,GERP MERCADOLOGIA LTDA,GRUPO GERP GERP MERCADO GERP OPINIAO GERPAUDIT,"Governador, Senador",1000,13/07/2026,CLENILSON SANTOS DE OLIVEIRA,"10000,00",2026-07-15 00:00:00,2026-07-15 20:52:42
CE056822026,CE,CEARÁ,REAL TIME MIDIA LTDA,REAL TIME BIG DATA,"Governador, Senador",1600,13/07/2026,Isabela Zara Cremoneze,"24000,00",2026-07-14 00:00:00,2026-07-09 20:03:22
SP097342026,SP,SÃO PAULO,REAL TIME MIDIA LTDA,REAL TIME BIG DATA,"Governador, Senador",2000,13/06/2026,Isabela Zara Cremoneze,"80000,00",2026-06-15 00:00:00,2026-06-10 18:23:38
PE025522026,PE,PERNAMBUCO,ANDRE CAVALCANTE FALABELLA LTDA,INSTITUTO DE PESQUISA MULTIPLA,"Governador, Senador",1070,13/06/2026,Eduardo José Pereira da Costa ,"20000,00",2026-06-16 00:00:00,2026-06-11 19:49:29
PB023042026,PB,PARAÍBA,INSTITUTO DE PESQUISA DE GESTAO E POLITICA PARAIBANO LTDA,INSTITUTO DE PESQUISA PODIUM,"Governador, Senador",586,13/06/2026,Hildete Alves da Costa,"5860,00",2026-06-13 00:00:00,2026-06-14 14:22:28
MT016282026,MT,MATO GROSSO,INSTITUTO VERITA LTDA,VERITA,"Governador, Senador",1220,13/06/2026,GUILHERME ALVARENGA LAIA,"93940,00",2026-06-17 00:00:00,2026-06-12 15:03:13
GO050742026,GO,GOIÁS,DANGER COMUNICACAO E MARKETING LTDA,MEDEIROS COMUNICACAO E ASSESSORIA,Deputado Estadual,2195,13/06/2026,LUCAS MEDEIROS DE PAIVA,"50,00",2026-06-22 00:00:00,2026-06-23 17:40:59
RN053862026,RN,RIO GRANDE DO NORTE,PARLA MENTORS CONSULTORIA LTDA,PARLA MENTORS CONSULTORIA,"Governador, Senador, Deputado Federal, Deputado Estadual",400,13/05/2026,JÉSSICA DA SILVA BRAGA,"8000,00",2026-05-15 00:00:00,2026-05-10 18:00:25
AL091062026,AL,ALAGOAS,FALPE PESQUISAS S/S LTDA,PALPE PESQUISAS,"Governador, Senador",5000,13/05/2026,Sueli das Graças Silva de Oliveira,"50000,00",2026-05-24 00:00:00,2026-05-12 19:13:33
AC099672026,AC,ACRE,F. FACANHA DE ALMEIDA,DELTA AGENCIA DE PESQUISA,"Governador, Senador",800,13/05/2026,Alexandre Vasconcelos Lima,"18000,00",2026-05-16 00:00:00,2026-05-18 05:47:12
TO009482026,TO,TOCANTINS,INSTITUTO VERITA LTDA,VERITA,Governador,1220,13/05/2026,GUILHERME ALVARENGA LAIA,"93940,00",2026-05-17 00:00:00,2026-05-13 08:30:02
PI054752026,PI,PIAUÍ,ATLASINTEL TECNOLOGIA DE DADOS LTDA,ATLASINTEL,"Governador, Senador",1200,13/05/2026,ANDREI CAMILO DOS SANTOS,"75000,00",2026-05-18 00:00:00,2026-05-13 21:58:42
PI083322026,PI,PIAUÍ,CENSUS INSTITUTO DE PESQUISAS EIRELI,CENSUS,"Governador, Senador, Deputado Federal, Deputado Estadual",301,13/04/2026,Laércio de Sousa Araújo,"5000,00",2026-04-15 00:00:00,2026-04-16 21:32:16
RO090682026,RO,RONDÔNIA,J J COELHO,INSTITUTO PHOENIX & ASSOCIADOS,"Governador, Senador, Deputado Federal, Deputado Estadual",1355,13/04/2026,AUGUSTO DA SILVA ROCHA,"8600,00",2026-04-17 00:00:00,2026-04-10 21:31:02
PI016682026,PI,PIAUÍ,INSTITUTO CREDIBILIDADE LTDA,INSTITUTO CREDIBILIDADE,"Governador, Senador, Deputado Federal, Deputado Estadual",400,13/04/2026,DIOGENES VITOR DA SILVEIRA,"5000,00",2026-04-14 00:00:00,2026-04-17 19:00:03
RJ076612026,RJ,RIO DE JANEIRO,VETOR ARROW INSTITUTO DE PESQUISA E OPINIAO LTDA,#NULO#,"Governador, Deputado Federal, Deputado Estadual",500,13/04/2026,Luciano Moura Silva,"13000,00",2026-04-14 00:00:00,2026-04-10 21:00:36
PE047132026,PE,PERNAMBUCO,DATAFOLHA INSTITUTO DE PESQUISAS LTDA.,#NULO#,"Governador, Senador",1022,13/04/2026,Renata Nunes Cesar,"120000,00",2026-04-15 00:00:00,2026-04-10 14:54:50
ES041432026,ES,ESPÍRITO SANTO,INSTITUTO DE PESQUISAS PERFIL LTDA,#NULO#,"Governador, Senador",1800,13/04/2026,AUGUSTO DA SILVA ROCHA,"40000,00",2026-04-16 00:00:00,2026-04-11 10:31:09
RO054542026,RO,RONDÔNIA,INSTITUTO VERITA LTDA,VERITA,"Governador, Senador, Deputado Federal",1220,13/03/2026,GUILHERME ALVARENGA LAIA,"93940,00",2026-03-19 00:00:00,2026-03-12 22:18:24
GO022272026,GO,GOIÁS,SMS - DIRECT PESQUISAS E MARKETING LTDA,DIRECT PESQUISAS,"Governador, Senador, Deputado Federal, Deputado Estadual",600,13/03/2026,José Dos Reis Cunha Filho,"5000,00",2026-03-15 00:00:00,2026-03-11 21:59:31
AM070272026,AM,AMAZONAS,OPP O PRIMEIRO PORTAL PESQUISA DE MERCADO LTDA,OPP O PRIMEIRO PORTAL E VERITAS IP,"Governador, Senador",3378,13/03/2026,Geraldo Lopes de Souza Júnior,"20000,00",2026-03-20 00:00:00,2026-03-17 11:00:56
PR027372026,PR,PARANÁ,IRG PESQUISAS LTDA,#NULO#,"Governador, Senador",1000,13/03/2026,Dinarte Orlandi ,"25000,00",2026-03-18 00:00:00,2026-03-13 22:50:53
GO038752026,GO,GOIÁS,SMS - DIRECT PESQUISAS E MARKETING LTDA,DIRECT PESQUISAS,"Governador, Senador, Deputado Federal, Deputado Estadual",400,13/03/2026,José Dos Reis Cunha Filho,"4000,00",2026-03-14 00:00:00,2026-03-11 22:03:20
SP001062026,SP,SÃO PAULO,INSTITUTO VERITA LTDA,VERITA,"Governador, Senador, Deputado Federal",3025,13/03/2026,GUILHERME ALVARENGA LAIA,"232925,00",2026-03-19 00:00:00,2026-03-12 22:21:29
ES067222026,ES,ESPÍRITO SANTO,REAL TIME MIDIA LTDA,REAL TIME BIG DATA,"Governador, Senador",2000,13/03/2026,Isabela Zara Cremoneze,"80000,00",2026-03-14 00:00:00,2026-03-10 23:19:29
MG027702026,MG,MINAS GERAIS,INSTITUTO GAZETA LTDA,IGAPE- INSTITUTO GAZETA DE PEQUISAS,"Governador, Senador, Deputado Federal, Deputado Estadual",1200,13/02/2026,FILIPE MOREIRA MARTINE,"5000,00",2026-02-16 00:00:00,2026-02-22 00:00:00
PR089922026,PR,PARANÁ,INSTITUTO SONDA SERVICOS DE PESQUISA E PUBLICIDADE LTDA,INSTITUTO SONDA,"Governador, Senador, Deputado Federal, Deputado Estadual",600,13/02/2026,Marcelo Hidemi Uemura,"12000,00",2026-02-15 00:00:00,2026-02-13 20:01:50
PI089392026,PI,PIAUÍ,ROGERIO M. P. MOURA - ME,DATA MAX,"Governador, Senador",1000,13/01/2026,DAVID LEAL DE CARVALHO,"70000,00",2026-01-18 00:00:00,2026-01-22 22:33:53
RJ062412026,RJ,RIO DE JANEIRO,VETOR ARROW INSTITUTO DE PESQUISA E OPINIAO LTDA,#NULO#,"Governador, Senador, Deputado Estadual",14000,12/09/2026,Luciano Moura Silva,"140000,00",2026-09-15 00:00:00,2026-06-02 17:25:50
PE060562026,PE,PERNAMBUCO,REAL TIME MIDIA LTDA,REAL TIME BIG DATA,"Governador, Senador",1600,12/08/2026,Isabela Zara Cremoneze,"24000,00",2026-08-15 00:00:00,2026-08-11 21:14:31
MT024222026,MT,MATO GROSSO,WAGNER R. DE SOUZA,META PUBLICIDADE E PESQUISA,Senador,500,12/08/2026,Wander Luiz Benesciuti,"7000,00",2026-08-13 00:00:00,2026-08-15 15:03:57
MT024022026,MT,MATO GROSSO,WAGNER R. DE SOUZA,META PUBLICIDADE E PESQUISA,"Governador, Senador, Deputado Federal, Deputado Estadual",500,12/08/2026,Wander Luiz Benesciuti,"7000,00",2026-08-13 00:00:00,2026-08-21 22:09:55
PE027742026,PE,PERNAMBUCO,INSTITUTO DATATRENDS LTDA,DATATRENDS,"Governador, Senador",1200,12/08/2026,Ythalo Hugo da Silva Santos,"15000,00",2026-08-14 00:00:00,2026-08-11 22:29:08
PE000802026,PE,PERNAMBUCO,BADRA COMUNICACAO LTDA,BADRA COMUNICACAO,Governador,1500,12/08/2026,Marcos Rogerio Simonetti,"18000,00",2026-08-18 00:00:00,2026-08-11 20:35:03
PI041932026,PI,PIAUÍ,INSTITUTO CREDIBILIDADE LTDA,INSTITUTO CREDIBILIDADE,"Governador, Deputado Estadual",400,12/08/2026,DIOGENES VITOR DA SILVEIRA,"6000,00",2026-08-13 00:00:00,2026-08-17 17:23:23
AL081232026,AL,ALAGOAS,FALPE PESQUISAS S/S LTDA,PALPE PESQUISAS,"Governador, Senador",5000,12/07/2026,Danilio Silva Santos,"50000,00",2026-07-20 00:00:00,2026-07-20 19:23:29
GO025072026,GO,GOIÁS,INSTITUTO VERITA LTDA,VERITA,"Governador, Senador",1525,12/07/2026,Guilherme Alvarenga Laia,"117425,00",2026-07-16 00:00:00,2026-07-11 19:25:53
SP041872026,SP,SÃO PAULO,GOVNET PESQUISA E TECNOLOGIA DA INFORMACAO LTDA,#NULO#,"Governador, Senador, Deputado Federal, Deputado Estadual",400,12/07/2026,HELOISA RODRIGUES BARBOSA,"20000,00",2026-07-15 00:00:00,2026-07-10 23:48:14
RN040282026,RN,RIO GRANDE DO NORTE,METADATA SOLUCOES INTELIGENTES LTDA,METADATA,"Governador, Senador, Deputado Federal, Deputado Estadual",1550,12/06/2026,Karine Symonir de Brito Pessoa,"50000,00",2026-06-14 00:00:00,2026-06-10 21:55:11
MA005502026,MA,MARANHÃO,M D C LEMOS LTDA,INOP PREVISAO PESQUISAS SERVICOS E PUBLICIDADES,"Governador, Senador, Deputado Federal, Deputado Estadual",2604,12/06/2026,VITOR EMMANUEL BOUÇAS DA SILVA,"48000,00",2026-06-20 00:00:00,2026-06-22 13:38:10
PI060092026,PI,PIAUÍ,INSTITUTO PIAUIENSE DE OPINIAO PUBLICA LTDA - EPP,AMOSTRAGEM OPINIAO E MERCADO,"Governador, Senador, Deputado Federal, Deputado Estadual",1137,12/06/2026,JOÃO BATISTA MENDES TELES,"70000,00",2026-06-18 00:00:00,2026-06-22 16:47:37
MG021092026,MG,MINAS GERAIS,DATA TEMPO LIMITADA,#NULO#,"Governador, Senador",1000,12/06/2026,Bruno Augusto Silva Andrade,"55780,00",2026-06-15 00:00:00,2026-06-18 17:49:54
SE052602026,SE,SERGIPE,INSTITUTO VERITA LTDA,VERITA,Governador,1220,12/05/2026,GUILHERME ALVARENGA LAIA,"93940,00",2026-05-16 00:00:00,2026-05-11 20:29:38
RN034682026,RN,RIO GRANDE DO NORTE,QUALITTA EMPREEDIMENTOS LTDA,QUALITTA EMPREENDIMENTOS,"Governador, Senador, Deputado Federal, Deputado Estadual",1200,12/05/2026,AUGUSTO DA SILVA ROCHA,"22000,00",2026-05-14 00:00:00,2026-05-10 17:56:15
MT037732026,MT,MATO GROSSO,MT DADOS ASSESSORIA E MARKETING LTDA,MT DADOS PESQUISAS,"Governador, Senador, Deputado Federal, Deputado Estadual, Deputado Distrital",1500,12/05/2026,ROSANE COELHO DA SILVA SALES,"65000,00",2026-05-27 00:00:00,2026-05-13 09:37:59
GO031452026,GO,GOIÁS,SMS - DIRECT PESQUISAS E MARKETING LTDA,DIRECT PESQUISAS,"Governador, Senador, Deputado Federal, Deputado Estadual",1200,12/05/2026,José Dos Reis Cunha Filho,"25000,00",2026-05-16 00:00:00,2026-05-12 18:52:04
AM041172026,AM,AMAZONAS,ERIC LIMA BARBOSA - ME,PONTUAL PESQUISAS,"Governador, Senador",3003,12/05/2026,Alice Nascimento de Assis,"90000,00",2026-05-27 00:00:00,2026-05-23 20:12:06
PI019572026,PI,PIAUÍ,A J TECH LTDA,VETOR TECNOLOGIA E PESQUISAS,"Governador, Senador, Deputado Federal, Deputado Estadual",1600,12/05/2026,Laércio de Sousa Araújo,"37000,00",2026-05-16 00:00:00,2026-05-14 23:32:49
SE064222026,SE,SERGIPE,"ECM - EDICAO, COMUNICACAO & MARKETING LTDA",ECM-PESQUISAS,"Governador, Senador, Deputado Federal, Deputado Estadual",1200,12/05/2026,Flávio Ferreira da Conceição,"11000,00",2026-05-16 00:00:00,2026-05-11 22:52:31
PI014812026,PI,PIAUÍ,INSTITUTO DIVULGA LTDA,INSTITUTO DIVULGA,"Governador, Senador, Deputado Federal, Deputado Estadual, Deputado Distrital",1000,12/05/2026,RANIERE ALVES BRASIL,"16000,00",2026-05-13 00:00:00,2026-05-20 20:22:37
PI005442026,PI,PIAUÍ,INSTITUTO CREDIBILIDADE LTDA,INSTITUTO CREDIBILIDADE,"Governador, Senador, Deputado Federal, Deputado Estadual",400,12/04/2026,DIOGENES VITOR DA SILVEIRA,"5000,00",2026-04-14 00:00:00,2026-04-17 19:09:29
AP007672026,AP,AMAPÁ,INSTITUTO PARANA DE PESQUISAS E ANALISE DE CONSUMIDOR LTDA,#NULO#,"Governador, Senador",1220,12/03/2026,Tatiani Cristina Ara,"35000,00",2026-03-15 00:00:00,2026-03-11 18:51:27
PI033172026,PI,PIAUÍ,INSTITUTO CREDIBILIDADE LTDA,INSTITUTO CREDIBILIDADE,"Governador, Senador, Deputado Federal, Deputado Estadual, Deputado Distrital",350,12/03/2026,DIOGENES VITOR DA SILVEIRA,"6000,00",2026-03-13 00:00:00,2026-03-17 20:46:15
MA072112026,MA,MARANHÃO,"QUAEST PESQUISAS, CONSULTORIA E PROJETOS LTDA.",#NULO#,"Governador, Senador",900,12/03/2026,Margarida Maria de Mendonça,"130500,00",2026-03-16 00:00:00,2026-03-12 17:01:12
SE074082026,SE,SERGIPE,POSITIVA PESQUISAS LTDA,POSITIVA PESQUISAS,"Governador, Senador, Deputado Federal, Deputado Estadual",1800,12/03/2026,Danilo Messias Nascimento e Santos,"15000,00",2026-03-16 00:00:00,2026-03-13 14:03:22
GO069672026,GO,GOIÁS,E P P EMPRESA DE PESQUISA E CONSULTORIA LTDA - ME,E P P,"Governador, Senador, Deputado Federal, Deputado Estadual",593,12/01/2026,Cleudimar Nobre Dantas,"15000,00",2026-01-14 00:00:00,2026-01-21 09:36:53
PI022942026,PI,PIAUÍ,"JS PORTAIS, COMUNICACAO E PUBLICIDADE LTDA",INSTITUTO GP1 DE PESQUISA,"Governador, Senador, Deputado Federal, Deputado Estadual",1200,11/08/2026,JOAO VICTOR RODRIGUES DE ARAGAO,"45000,00",2026-08-13 00:00:00,2026-08-11 11:37:42
SP055112026,SP,SÃO PAULO,INSTITUTO VOX BRASIL OPINIAO E PESQUISAS LTDA,#NULO#,"Governador, Senador, Deputado Federal, Deputado Estadual",2000,11/08/2026,GUILHERME COELHO NEVES,"20000,00",2026-08-14 00:00:00,2026-08-10 23:01:05
SP046702026,SP,SÃO PAULO,INSTITUTO VOX BRASIL OPINIAO E PESQUISAS LTDA,#NULO#,"Governador, Senador",1480,11/08/2026,GUILHERME COELHO NEVES,"50000,00",2026-08-13 00:00:00,2026-08-10 23:58:21
AC053872026,AC,ACRE,F. FACANHA DE ALMEIDA,DELTA AGENCIA DE PESQUISA,"Governador, Senador, Deputado Federal, Deputado Estadual",1006,11/07/2026,Alexandre Vasconcelos Lima,"26000,00",2026-07-15 00:00:00,2026-07-11 21:37:03
TO079902026,TO,TOCANTINS,VOZ E PESQUISA TOCANTINS LTDA,#NULO#,"Governador, Senador",1250,11/07/2026,JOAO SOARES DE ARAUJO NETO,"19000,00",2026-07-16 00:00:00,2026-07-12 20:19:36
MT000882026,MT,MATO GROSSO,PERCENT PESQUISA DE MERCADO E OPINIAO LTDA,PERCENT PESQUISA DE MERCADO E OPINIAO,"Governador, Senador",500,11/07/2026,Nathany Luzia de Oliveira,"12000,00",2026-07-14 00:00:00,2026-07-17 19:22:09
SE047182026,SE,SERGIPE,"ECM - EDICAO, COMUNICACAO & MARKETING LTDA",ECM-PESQUISAS,"Governador, Senador, Deputado Federal, Deputado Estadual",1500,11/07/2026,FLAVIO FERREIRA DA CONCEICAO,"30000,00",2026-07-14 00:00:00,2026-07-10 20:45:52
RO031122026,RO,RONDÔNIA,J J COELHO,INSTITUTO PHOENIX & ASSOCIADOS,"Governador, Senador, Deputado Federal, Deputado Estadual",1011,11/07/2026,AUGUSTO DA SILVA ROCHA,"7550,00",2026-07-14 00:00:00,2026-07-10 17:47:11
PE094692026,PE,PERNAMBUCO,FRANCISCO VIRGULINO DE AMORIM,IMAPE - INST. MAJORITARIO DE PESQUISAS E ESTATISTICAS,"Governador, Senador, Deputado Federal, Deputado Estadual",600,11/07/2026,JERFSON BRUNO DO NASCIMENTO HONORIO,"10000,00",2026-07-13 00:00:00,2026-07-10 10:45:27
PI064732026,PI,PIAUÍ,REAL TIME MIDIA LTDA,REAL TIME BIG DATA,"Governador, Senador",1600,11/07/2026,Isabela Zara Cremoneze,"24000,00",2026-07-13 00:00:00,2026-07-08 20:58:37
AP021752026,AP,AMAPÁ,INSTITUTO PARANA DE PESQUISAS E ANALISE DE CONSUMIDOR LTDA,#NULO#,"Governador, Senador",1100,11/06/2026,Tatiani Cristina Ara,"32000,00",2026-06-13 00:00:00,2026-06-09 19:22:27
PE071682026,PE,PERNAMBUCO,IPESPE INST DE PESQUISAS SOCIAIS POLITICAS E ECONOMICAS,#NULO#,"Governador, Senador",1000,11/06/2026,Joaquim Andre Harmes,"60000,00",2026-06-14 00:00:00,2026-06-10 22:22:20
PB013732026,PB,PARAÍBA,INSTITUTO RANKING DE PESQUISA LTDA,INSTITUTO RANKING PESQUISA,"Governador, Senador, Deputado Federal, Deputado Estadual",782,11/06/2026,Isis Milane Batista de Lima,"6000,00",2026-06-12 00:00:00,2026-06-10 17:33:27
RO079272026,RO,RONDÔNIA,"IHPEC INSTITUTO HAVERROTH DE POLITICA, ESTATISTICA E COMUNICACAO LTDA",IHPEC,"Governador, Senador",3197,11/06/2026,Tuannhy Rozeira Haverroth,"115000,00",2026-06-24 00:00:00,2026-06-30 14:56:03
SE053262026,SE,SERGIPE,CTAS CAPACITACAO E CONSULTORIA LTDA,CTAS TECNOLOGIA,"Senador, Deputado Federal, Deputado Estadual",1224,11/06/2026,sidney barreto batista,"25000,00",2026-06-14 00:00:00,2026-06-10 19:00:38
MA058622026,MA,MARANHÃO,ECONOMETRICA PESQUISA LTDA,ECONOMETRICA PESQUISA,"Governador, Senador, Deputado Federal, Deputado Estadual",1607,11/05/2026,DANILIO SILVA SANTOS,"40000,00",2026-05-14 00:00:00,2026-05-18 19:03:58
ES053362026,ES,ESPÍRITO SANTO,INSTITUTO DE PESQUISAS PERFIL LTDA,#NULO#,"Governador, Senador, Deputado Federal, Deputado Estadual",604,11/05/2026,AUGUSTO DA SILVA ROCHA,"10000,00",2026-05-13 00:00:00,2026-05-09 18:12:15
GO013082026,GO,GOIÁS,INSTITUTO GAZETA LTDA,IGAPE- INSTITUTO GAZETA DE PEQUISAS,"Governador, Senador, Deputado Federal, Deputado Estadual",500,11/05/2026,FILIPE MOREIRA MARTINE,"3000,00",2026-05-15 00:00:00,2026-05-10 20:04:34
GO010632026,GO,GOIÁS,REAL TIME MIDIA LTDA,REAL TIME BIG DATA,"Governador, Senador",1600,11/05/2026,Isabela Zara Cremoneze,"64000,00",2026-05-12 00:00:00,2026-05-07 21:58:45
AM056012026,AM,AMAZONAS,A F SOARES MARKETING E PESQUISAS DE MERCADO LTDA - EPP,ACTION MARKETING E PESQUISAS,Governador,2100,11/05/2026,JOÃO CALDAS DO LAGO NETO,"189000,00",2026-05-18 00:00:00,2026-05-13 21:52:01
SP068652026,SP,SÃO PAULO,GERP MERCADOLOGIA LTDA,GRUPO GERP GERP MERCADO GERP OPINIAO GERPAUDIT,"Governador, Senador",1400,11/05/2026,CLENILSON SANTOS DE OLIVEIRA,"14000,00",2026-05-15 00:00:00,2026-05-11 18:47:24
PI052142026,PI,PIAUÍ,ROGERIO M. P. MOURA - ME,DATA MAX,"Governador, Senador, Deputado Federal, Deputado Estadual",500,11/05/2026,DAVID LEAL DE CARVALHO,"5000,00",2026-05-12 00:00:00,2026-05-14 21:30:44
PI090602026,PI,PIAUÍ,INSTITUTO CREDIBILIDADE LTDA,INSTITUTO CREDIBILIDADE,"Governador, Senador, Deputado Federal, Deputado Estadual",489,11/04/2026,DIOGENES VITOR DA SILVEIRA,"6000,00",2026-04-12 00:00:00,2026-04-13 21:23:04
SP043732026,SP,SÃO PAULO,INSTITUTO VERITA LTDA,VERITA,Senador,3025,11/04/2026,GUILHERME ALVARENGA LAIA,"77000,00",2026-04-14 00:00:00,2026-04-11 10:52:25
SP003782026,SP,SÃO PAULO,INSTITUTO PARANA DE PESQUISAS E ANALISE DE CONSUMIDOR LTDA,#NULO#,"Governador, Senador",1600,11/04/2026,Tatiani Cristina Ara,"50000,00",2026-04-14 00:00:00,2026-04-10 17:17:40
PI004492026,PI,PIAUÍ,ROGERIO M. P. MOURA - ME,DATA MAX,"Governador, Senador, Deputado Federal, Deputado Estadual",400,11/04/2026,DAVID LEAL DE CARVALHO,"8000,00",2026-04-13 00:00:00,2026-04-14 23:07:51
PI062522026,PI,PIAUÍ,INSTITUTO PIAUIENSE DE OPINIAO PUBLICA LTDA - EPP,AMOSTRAGEM OPINIAO E MERCADO,"Governador, Senador, Deputado Federal, Deputado Estadual",300,11/03/2026,JOÃO BATISTA MENDES TELES,"9000,00",2026-03-15 00:00:00,2026-03-23 10:31:48
MG065622026,MG,MINAS GERAIS,REAL TIME MIDIA LTDA,REAL TIME BIG DATA,"Governador, Senador",2000,11/03/2026,Isabela Zara Cremoneze,"80000,00",2026-03-12 00:00:00,2026-03-07 09:08:28
PR032422026,PR,PARANÁ,NEOBE GESTAO E SERVICOS LTDA,NEOKEMP PESQUISAS,"Governador, Senador",1008,10/08/2026,Lucia Helena Silva Cardoso,"25000,00",2026-08-12 00:00:00,2026-08-06 19:15:21
GO036872026,GO,GOIÁS,INSTITUTO GAZETA LTDA,IGAPE- INSTITUTO GAZETA DE PEQUISAS,"Governador, Senador, Deputado Federal, Deputado Estadual",4100,10/08/2026,FILIPE MOREIRA MARTINE,"15000,00",2026-08-18 00:00:00,2026-08-19 21:56:50
GO068862026,GO,GOIÁS,INSTITUTO GOIAS PESQUISAS LTDA,GOIAS PESQUISAS,"Governador, Senador",1150,10/08/2026,Francy Anne Barbosa Cesar,"45000,00",2026-08-12 00:00:00,2026-08-08 22:10:02
TO043782026,TO,TOCANTINS,LUCRO ATIVO LTDA,LUCRO ATIVO,"Governador, Senador",1500,10/08/2026,Galttieri Ferreira Tavares,"20000,00",2026-08-15 00:00:00,2026-08-13 15:45:58
RN063132026,RN,RIO GRANDE DO NORTE,DATAVERO PESQUISA E CONSULTORIA LTDA,DATAVERO INSTITUTO DE PESQUISAS,"Governador, Senador, Deputado Federal, Deputado Estadual",1500,10/08/2026,PATRICIA VIANA DE LIMA,"20000,00",2026-08-12 00:00:00,2026-08-08 20:49:18
PA060472026,PA,PARÁ,ALVO MARKETING E PUBLICIDADE LTDA,PALLADIUM,"Deputado Federal, Deputado Estadual",625,10/08/2026,Silvia Caroline Salgado Pena,"12000,00",2026-08-13 00:00:00,2026-08-10 22:26:30
CE042922026,CE,CEARÁ,DATAFOLHA INSTITUTO DE PESQUISAS LTDA.,#NULO#,"Governador, Senador",1022,10/08/2026,Renata Nunes Cesar,"102400,00",2026-08-13 00:00:00,2026-08-07 16:32:06
AP009852026,AP,AMAPÁ,AMERICAN ANALYTICS DO BRASIL CONSULTORIA LTDA,AMERICAN ANALYTICS,"Governador, Senador",1000,10/08/2026,GIOVANA RILLARY DA SILVA ROCHA,"20000,00",2026-08-14 00:00:00,2026-08-10 16:18:05
GO044452026,GO,GOIÁS,SMS - DIRECT PESQUISAS E MARKETING LTDA,DIRECT PESQUISAS,"Governador, Senador, Deputado Federal, Deputado Estadual",400,10/08/2026,Jose Dos Reis Cunha Filho,"8000,00",2026-08-11 00:00:00,2026-08-12 19:24:34
PA018572026,PA,PARÁ,DOXA ARTE & COMUNICAO S/S LTDA,DOXA,"Governador, Senador, Deputado Federal, Deputado Estadual",2000,10/08/2026,JADSON FERNANDES CHAVES,"50000,00",2026-08-15 00:00:00,2026-08-10 20:54:26
GO085092026,GO,GOIÁS,SMS - DIRECT PESQUISAS E MARKETING LTDA,DIRECT PESQUISAS,"Governador, Senador, Deputado Federal, Deputado Estadual",1500,10/08/2026,Jose Dos Reis Cunha Filho,"12000,00",2026-08-15 00:00:00,2026-08-10 21:09:23
GO038442026,GO,GOIÁS,EXATA.GO PESQUISA LTDA,EXATA.GO,"Governador, Senador",3200,10/08/2026,AUGUSTO DA SILVA ROCHA,"20000,00",2026-08-15 00:00:00,2026-08-13 21:58:21
SE042262026,SE,SERGIPE,INSTITUTO FRANCA DE PESQUISAS LTDA,INSTITUTO FRANCA DE PESQUISA PESQUISA E ASSESSORIA,"Governador, Senador, Deputado Federal, Deputado Estadual",2400,10/08/2026,Aldine Andrea Oliveira de Sousa Cabral,"50000,00",2026-08-12 00:00:00,2026-08-07 19:47:01
RN093072026,RN,RIO GRANDE DO NORTE,INSTITUTO DATA CENSUS POTIGUAR LTDA,#NULO#,"Senador, Deputado Federal, Deputado Estadual",2000,10/08/2026,KALLINE FABIANA SILVEIRA MARINHO,"10000,00",2026-08-13 00:00:00,2026-08-07 22:14:40
RN001662026,RN,RIO GRANDE DO NORTE,ERIVALDO TRINDADE DE ARAUJO,ITEM PESQUISAS TECNICAS,"Governador, Senador, Deputado Federal, Deputado Estadual, Deputado Distrital",1250,10/08/2026,ALDINE ANDREA OLIVEIRA DE SOUSA CABRAL,"15000,00",2026-08-14 00:00:00,2026-08-09 11:50:57
PB047222026,PB,PARAÍBA,INDICE INTELIGENCIA LTDA,INDICE INTELIGENCIA,"Governador, Senador, Deputado Federal, Deputado Estadual",2000,10/07/2026,Ianne Rafaella Santos Melo,"14000,00",2026-07-12 00:00:00,2026-07-09 16:47:59
ES072112026,ES,ESPÍRITO SANTO,"QUAEST PESQUISAS, CONSULTORIA E PROJETOS LTDA.",#NULO#,"Governador, Senador",804,10/07/2026,Margarida Maria de Mendonca,"95877,00",2026-07-13 00:00:00,2026-07-10 11:31:18
SE014502026,SE,SERGIPE,VISAO PESQUISAS E SERVICOS LTDA,VISAO PESQUISAS,"Governador, Senador",1050,10/06/2026,DANILO MESSIAS NASCIMENTO E SANTOS,"24000,00",2026-06-13 00:00:00,2026-06-10 15:40:12
PR071492026,PR,PARANÁ,IRG PESQUISAS LTDA,#NULO#,"Governador, Senador",1000,10/06/2026,Dinarte Orlandi ,"25000,00",2026-06-13 00:00:00,2026-06-09 22:31:02
SP097652026,SP,SÃO PAULO,INSTITUTO VOX BRASIL OPINIAO E PESQUISAS LTDA,#NULO#,"Governador, Senador, Deputado Federal, Deputado Estadual",1100,10/06/2026,GUILHERME COELHO NEVES,"8000,00",2026-06-11 00:00:00,2026-06-09 15:33:05
ES002462026,ES,ESPÍRITO SANTO,INSTITUTO DE PESQUISAS PERFIL LTDA,#NULO#,"Governador, Senador",1800,10/06/2026,AUGUSTO DA SILVA ROCHA,"40000,00",2026-06-13 00:00:00,2026-06-10 09:17:45
BA036192026,BA,BAHIA,INSTITUTO PARANA DE PESQUISAS E ANALISE DE CONSUMIDOR LTDA,#NULO#,Senador,1510,10/05/2026,Tatiani Cristina Ara,"45000,00",2026-05-12 00:00:00,2026-05-07 19:18:07
SE070752026,SE,SERGIPE,POSITIVA PESQUISAS LTDA,POSITIVA PESQUISAS,"Governador, Senador",600,10/05/2026,Danilo Messias Nascimento e Santos,"6000,00",2026-05-13 00:00:00,2026-05-09 20:19:12
GO012932026,GO,GOIÁS,SMS - DIRECT PESQUISAS E MARKETING LTDA,DIRECT PESQUISAS,"Governador, Senador, Deputado Federal, Deputado Estadual",2000,10/05/2026,José Dos Reis Cunha Filho,"20000,00",2026-05-14 00:00:00,2026-05-08 19:57:14
SE009792026,SE,SERGIPE,"UNIDADE DE INFORMACAO, PESQUISA E CONSULTORIA LTDA - EPP",UNICA PESQUISAS,"Governador, Senador",784,10/04/2026,Danilo Messias Nascimento e Santos,"25000,00",2026-04-14 00:00:00,2026-04-17 12:59:55
PI075512026,PI,PIAUÍ,ROGERIO M. P. MOURA - ME,DATA MAX,"Senador, Deputado Estadual",400,10/04/2026,DAVID LEAL DE CARVALHO,"8000,00",2026-04-11 00:00:00,2026-04-14 22:41:02
PR065592026,PR,PARANÁ,INSTITUTO PARANA DE PESQUISAS E ANALISE DE CONSUMIDOR LTDA,#NULO#,"Governador, Senador",1500,10/04/2026,Tatiani Cristina Ara,"135025,00",2026-04-12 00:00:00,2026-04-07 19:10:32
SE055992026,SE,SERGIPE,"UNIDADE DE INFORMACAO, PESQUISA E CONSULTORIA LTDA - EPP",UNICA PESQUISAS,"Governador, Senador",784,10/04/2026,Danilo Messias Nascimento e Santos,"25000,00",2026-04-14 00:00:00,2026-04-09 18:43:17
PI000402026,PI,PIAUÍ,CENSUS INSTITUTO DE PESQUISAS EIRELI,CENSUS,"Governador, Senador, Deputado Federal, Deputado Estadual",300,10/04/2026,Laércio de Sousa Araújo,"5000,00",2026-04-11 00:00:00,2026-04-14 21:18:58
PI022372026,PI,PIAUÍ,A J TECH LTDA,VETOR TECNOLOGIA E PESQUISAS,"Governador, Senador, Deputado Federal, Deputado Estadual",1615,10/04/2026,Laércio de Sousa Araújo,"41000,00",2026-04-15 00:00:00,2026-04-20 12:06:01
PI003332026,PI,PIAUÍ,INSTITUTO PIAUIENSE DE OPINIAO PUBLICA LTDA - EPP,AMOSTRAGEM OPINIAO E MERCADO,"Governador, Senador, Deputado Federal, Deputado Estadual",600,10/04/2026,JOÃO BATISTA MENDES TELES,"12000,00",2026-04-14 00:00:00,2026-04-16 19:28:12
PI024772026,PI,PIAUÍ,INSTITUTO CREDIBILIDADE LTDA,INSTITUTO CREDIBILIDADE,"Governador, Senador, Deputado Federal, Deputado Estadual",400,10/04/2026,DIOGENES VITOR DA SILVEIRA,"5000,00",2026-04-11 00:00:00,2026-04-14 21:09:59
BA027332026,BA,BAHIA,MEDIA - INTELIGENCIA EM PESQUISA LTDA,MEDIA - INTELIGENCIA EM PESQUISA,"Deputado Federal, Deputado Estadual",820,10/04/2026,AUGUSTO DA SILVA ROCHA,"10000,00",2026-04-13 00:00:00,2026-04-09 17:27:30
PI069082026,PI,PIAUÍ,ATLASINTEL TECNOLOGIA DE DADOS LTDA,ATLASINTEL,Governador,1200,10/03/2026,ANDREI CAMILO DOS SANTOS,"75000,00",2026-03-15 00:00:00,2026-03-10 20:09:44
AM069212026,AM,AMAZONAS,ATLASINTEL TECNOLOGIA DE DADOS LTDA,ATLASINTEL,Governador,1200,10/03/2026,ANDREI CAMILO DOS SANTOS,"75000,00",2026-03-15 00:00:00,2026-03-10 20:11:07
AM062712026,AM,AMAZONAS,M P VALIN EIRELI,PROJETA PESQUISA DE MERCADO OPNIAO PUBLICA,"Deputado Federal, Deputado Estadual",2390,10/03/2026,Marcel Valin,"29000,00",2026-03-13 00:00:00,2026-03-10 23:38:52
BA088552026,BA,BAHIA,REAL TIME MIDIA LTDA,REAL TIME BIG DATA,"Governador, Senador",2000,10/03/2026,Isabela Zara Cremoneze,"80000,00",2026-03-11 00:00:00,2026-03-06 22:20:27
AM030182026,AM,AMAZONAS,OPP O PRIMEIRO PORTAL PESQUISA DE MERCADO LTDA,OPP O PRIMEIRO PORTAL E VERITAS IP,"Governador, Senador",2604,10/03/2026,Geraldo Lopes de Souza Júnior,"20000,00",2026-03-21 00:00:00,2026-03-26 23:13:29
AP062932026,AP,AMAPÁ,TOP COMERCIOS E SERVICOS LTDA,F5 PESQUISAS E CONSULTORIA,"Governador, Senador",1064,10/02/2026,LUIS VALBER RIOS ARCANJO,"10000,00",2026-02-14 00:00:00,2026-02-09 17:43:24
RN085782026,RN,RIO GRANDE DO NORTE,DATAVERO PESQUISA E CONSULTORIA LTDA,DATAVERO INSTITUTO DE PESQUISAS,"Governador, Senador, Deputado Federal, Deputado Estadual",800,10/01/2026,PATRICIA VIANA DE LIMA,"6000,00",2026-01-11 00:00:00,2026-01-12 20:04:14
SE026822026,SE,SERGIPE,"ECM - EDICAO, COMUNICACAO & MARKETING LTDA",ECM-PESQUISAS,"Governador, Senador, Deputado Federal, Deputado Estadual",1500,09/08/2026,FLAVIO FERREIRA DA CONCEICAO,"30000,00",2026-08-12 00:00:00,2026-08-09 12:30:07
RN020952026,RN,RIO GRANDE DO NORTE,DATAVERO PESQUISA E CONSULTORIA LTDA,DATAVERO INSTITUTO DE PESQUISAS,"Governador, Senador, Deputado Federal, Deputado Estadual",1500,09/07/2026,PATRICIA VIANA DE LIMA,"20000,00",2026-07-11 00:00:00,2026-07-08 22:39:32
AL064882026,AL,ALAGOAS,INSTITUTO RANKING DE PESQUISA LTDA,INSTITUTO RANKING PESQUISA,"Governador, Senador",1201,09/07/2026,Isis Milane Batista de Lima,"15000,00",2026-07-11 00:00:00,2026-07-08 19:55:57
ES068392026,ES,ESPÍRITO SANTO,INSTITUTO VERITA LTDA,VERITA,"Governador, Senador",1220,09/07/2026,Guilherme Alvarenga Laia,"93940,00",2026-07-13 00:00:00,2026-07-08 19:36:56
TO045492026,TO,TOCANTINS,INSTITUTO VERITA LTDA,VERITA,"Governador, Senador",1220,09/07/2026,Guilherme Alvarenga Laia,"93940,00",2026-07-13 00:00:00,2026-07-08 19:54:43
PI024632026,PI,PIAUÍ,INSTITUTO CREDIBILIDADE LTDA,INSTITUTO CREDIBILIDADE,"Governador, Senador, Deputado Estadual",600,09/07/2026,DAVID LEAL DE CARVALHO,"7000,00",2026-07-11 00:00:00,2026-07-20 11:53:30
PB042842026,PB,PARAÍBA,INSTITUTO RANKING DE PESQUISA LTDA,INSTITUTO RANKING PESQUISA,"Governador, Senador, Deputado Federal, Deputado Estadual",2000,09/07/2026,Isis Milane Batista de Lima,"15000,00",2026-07-11 00:00:00,2026-07-08 23:34:38
SC099512026,SC,SANTA CATARINA,IPC - INSTITUTO DE PESQUISA CATARINENSE LTDA,IPC - INSTITUTO DE PESQUISA,"Governador, Senador",1050,09/07/2026,Andrigo Rodrigues,"55000,00",2026-07-13 00:00:00,2026-07-08 11:15:11
GO031162026,GO,GOIÁS,INSTITUTO GAZETA LTDA,IGAPE- INSTITUTO GAZETA DE PEQUISAS,"Governador, Senador, Deputado Federal, Deputado Estadual",600,09/06/2026,FILIPE MOREIRA MARTINE,"4000,00",2026-06-11 00:00:00,2026-06-12 20:23:36
MS023552026,MS,MATO GROSSO DO SUL,A. F. BARBOSA & CIA. LTDA - ME,INSTITUTO DE PESQUISA RESULTADO IPR,"Governador, Senador",784,09/06/2026,Alexandre Vasconcelos Lima,"12500,00",2026-06-13 00:00:00,2026-06-10 21:02:11
CE034652026,CE,CEARÁ,ATLASINTEL TECNOLOGIA DE DADOS LTDA,ATLASINTEL,"Governador, Senador",1200,09/06/2026,Andrei Camilo dos Santos,"75000,00",2026-06-14 00:00:00,2026-06-09 14:03:41
PE049382026,PE,PERNAMBUCO,FRANCISCO VIRGULINO DE AMORIM,IMAPE - INST. MAJORITARIO DE PESQUISAS E ESTATISTICAS,"Governador, Senador, Deputado Federal, Deputado Estadual",600,09/06/2026,CP-Brasil AC Certisign RFB G5 A1 17334115000115 JERFSON BRUNO DO NASCIMENTO HONORIO,"10000,00",2026-06-11 00:00:00,2026-06-10 22:57:36
PB036862026,PB,PARAÍBA,INSTITUTO DE PESQUISA DE GESTAO E POLITICA PARAIBANO LTDA,INSTITUTO DE PESQUISA PODIUM,"Governador, Senador",573,09/06/2026,Hildete Alves da Costa,"5730,00",2026-06-11 00:00:00,2026-06-11 18:45:52
PA024412026,PA,PARÁ,AMPLA PESQUISA DE OPINIAO PUBLICA LTDA,AMPLA VOX,"Governador, Senador, Deputado Federal, Deputado Estadual",400,09/06/2026,JADSON  FERNANDES CHAVES,"10000,00",2026-06-12 00:00:00,2026-06-08 20:32:30
PE094262026,PE,PERNAMBUCO,REAL TIME MIDIA LTDA,REAL TIME BIG DATA,"Governador, Senador",1600,09/06/2026,Isabela Zara Cremoneze,"64000,00",2026-06-10 00:00:00,2026-06-05 19:55:11
MA031932026,MA,MARANHÃO,IPPI PESQUISAS E CONSULTORIA LTDA,IPPI - PESQUISAS E CONSULTORIAS,"Governador, Senador, Deputado Federal, Deputado Estadual",1500,09/06/2026,Antonio Alberto Ibiapina Costa Filho,"60000,00",2026-06-13 00:00:00,2026-06-08 22:56:42
SP040032026,SP,SÃO PAULO,LAIS CRISTINA RODRIGUES DE OLIVEIRA LTDA,IPSENSUS PESQUISAS,"Governador, Deputado Estadual",400,09/05/2026,AUGUSTO DA SILVA ROCHA,"4000,00",2026-05-10 00:00:00,2026-05-05 23:05:19
PA027772026,PA,PARÁ,DOXA ARTE & COMUNICAO S/S LTDA,DOXA,"Governador, Senador",2000,09/05/2026,JADSON FERNANDES CHAVES ,"60000,00",2026-05-14 00:00:00,2026-05-09 17:33:04
MS064122026,MS,MATO GROSSO DO SUL,REAL TIME MIDIA LTDA,REAL TIME BIG DATA,"Governador, Senador",1600,09/05/2026,Isabela Zara Cremoneze,"64000,00",2026-05-11 00:00:00,2026-05-06 18:53:45
BA072472026,BA,BAHIA,LAIS CRISTINA RODRIGUES DE OLIVEIRA LTDA,IPSENSUS PESQUISAS,"Senador, Deputado Federal, Deputado Estadual",1500,09/05/2026,AUGUSTO DA SILVA ROCHA,"10000,00",2026-05-13 00:00:00,2026-05-08 21:58:06
PI097342026,PI,PIAUÍ,INSTITUTO CREDIBILIDADE LTDA,INSTITUTO CREDIBILIDADE,Senador,700,09/04/2026,DIOGENES VITOR DA SILVEIRA,"6000,00",2026-04-11 00:00:00,2026-04-13 21:56:10
PA008992026,PA,PARÁ,DOXA ARTE & COMUNICAO S/S LTDA,DOXA,"Governador, Senador, Deputado Federal, Deputado Estadual",2000,09/04/2026,JADSON FERNANDES CHAVES ,"60000,00",2026-04-14 00:00:00,2026-04-09 17:29:00
PI066752026,PI,PIAUÍ,INSTITUTO PIAUIENSE DE OPINIAO PUBLICA LTDA - EPP,AMOSTRAGEM OPINIAO E MERCADO,"Governador, Senador, Deputado Federal, Deputado Estadual",1000,09/04/2026,JOÃO BATISTA MENDES TELES,"16000,00",2026-04-13 00:00:00,2026-04-16 18:17:15
GO067542026,GO,GOIÁS,INSTITUTO VERITA LTDA,VERITA,"Governador, Senador",1525,09/04/2026,GUILHERME ALVARENGA LAIA,"117425,00",2026-04-13 00:00:00,2026-04-08 21:43:59
PI003272026,PI,PIAUÍ,INSTITUTO CREDIBILIDADE LTDA,INSTITUTO CREDIBILIDADE,"Governador, Senador, Deputado Federal, Deputado Estadual",402,09/04/2026,DIOGENES VITOR DA SILVEIRA,"5000,00",2026-04-10 00:00:00,2026-04-13 19:27:11
PI044262026,PI,PIAUÍ,CENSUS INSTITUTO DE PESQUISAS EIRELI,CENSUS,"Governador, Senador, Deputado Federal, Deputado Estadual",400,09/03/2026,Laércio de Sousa Araújo,"8000,00",2026-03-10 00:00:00,2026-03-11 18:42:07
RJ041912026,RJ,RIO DE JANEIRO,REAL TIME MIDIA LTDA,REAL TIME BIG DATA,"Governador, Senador",2000,09/03/2026,Isabela Zara Cremoneze,"80000,00",2026-03-10 00:00:00,2026-03-05 19:22:55
PI059352026,PI,PIAUÍ,INSTITUTO CREDIBILIDADE LTDA,INSTITUTO CREDIBILIDADE,"Governador, Senador, Deputado Federal, Deputado Estadual, Deputado Distrital",403,09/03/2026,DIOGENES VITOR DA SILVEIRA,"8000,00",2026-03-10 00:00:00,2026-03-12 15:51:12
GO098542026,GO,GOIÁS,SMS - DIRECT PESQUISAS E MARKETING LTDA,DIRECT PESQUISAS,"Governador, Senador, Deputado Federal, Deputado Estadual",350,09/02/2026,José Dos Reis Cunha Filho,"4000,00",2026-02-12 00:00:00,2026-02-06 20:03:43
MT068462026,MT,MATO GROSSO,PERCENT PESQUISA DE MERCADO E OPINIAO LTDA,PERCENT PESQUISA DE MERCADO E OPINIAO,"Governador, Senador, Deputado Federal, Deputado Estadual",1200,09/02/2026,Nathany Luzia de Oliveira,"30000,00",2026-02-17 00:00:00,2026-02-15 22:46:34
RS033002026,RS,RIO GRANDE DO SUL,100% CIDADES PARTICIPACOES LTDA,100 CIDADES,"Governador, Senador",800,09/02/2026,Fabíola Miranda von Rondow,"64000,00",2026-02-10 00:00:00,2026-02-11 18:37:25
RJ004372026,RJ,RIO DE JANEIRO,PREFAB FUTURE PUBLICIDADE E PESQUISAS LTDA,PREFAB FUTURE,Governador,2000,09/02/2026,Sergio Ribeiro dos Santos,"25000,00",2026-02-13 00:00:00,2026-02-11 17:25:51
GO073692026,GO,GOIÁS,SMS - DIRECT PESQUISAS E MARKETING LTDA,DIRECT PESQUISAS,"Governador, Senador, Deputado Federal, Deputado Estadual",400,09/02/2026,José Dos Reis Cunha Filho,"4000,00",2026-02-11 00:00:00,2026-02-06 19:26:57
PE099442026,PE,PERNAMBUCO,REAL TIME MIDIA LTDA,REAL TIME BIG DATA,"Governador, Senador",2000,09/02/2026,Isabela Zara Cremoneze,"80000,00",2026-02-10 00:00:00,2026-02-05 21:28:46
PI040642026,PI,PIAUÍ,INSTITUTO CREDIBILIDADE LTDA,INSTITUTO CREDIBILIDADE,"Senador, Deputado Federal, Deputado Estadual",400,09/01/2026,DIOGENES VITOR DA SILVEIRA,"7000,00",2026-01-10 00:00:00,2026-01-15 19:47:12
GO044912026,GO,GOIÁS,SMS - DIRECT PESQUISAS E MARKETING LTDA,DIRECT PESQUISAS,"Governador, Senador, Deputado Estadual",400,08/08/2026,Jose Dos Reis Cunha Filho,"5000,00",2026-08-09 00:00:00,2026-08-07 21:33:34
GO021182026,GO,GOIÁS,INSTITUTO GAZETA LTDA,IGAPE- INSTITUTO GAZETA DE PEQUISAS,"Governador, Senador, Deputado Federal, Deputado Estadual",800,08/08/2026,FILIPE MOREIRA MARTINE,"5000,00",2026-08-11 00:00:00,2026-08-07 12:49:30
MA016322026,MA,MARANHÃO,VERITAS PLANEJAMENTO E ASSESSORIA LTDA,VERITAS PLANEJAMENTO,"Governador, Senador",1000,08/08/2026,Erika Cristina Ferreira,"80000,00",2026-08-11 00:00:00,2026-08-07 23:04:20
GO048942026,GO,GOIÁS,INSTITUTO GAZETA LTDA,IGAPE- INSTITUTO GAZETA DE PEQUISAS,"Governador, Senador, Deputado Federal, Deputado Estadual",500,08/08/2026,FILIPE MOREIRA MARTINE,"3500,00",2026-08-10 00:00:00,2026-08-07 12:48:32
RN085092026,RN,RIO GRANDE DO NORTE,CONSULTORIA E PESQUISA TECNICA LTDA,CONSULT PESQUISA,"Governador, Senador, Deputado Federal, Deputado Estadual",1700,08/08/2026,Paulo de Tarso Teixeira Ferreira,"40000,00",2026-08-10 00:00:00,2026-08-08 11:45:48
RJ045332026,RJ,RIO DE JANEIRO,VETOR ARROW INSTITUTO DE PESQUISA E OPINIAO LTDA,#NULO#,"Governador, Senador, Deputado Federal, Deputado Estadual",14000,08/08/2026,Luciano Moura Silva,"140000,00",2026-08-11 00:00:00,2026-06-02 16:14:56
PR093012026,PR,PARANÁ,IRG PESQUISAS LTDA,#NULO#,"Governador, Senador",1350,08/08/2026,Dinarte Orlandi,"32000,00",2026-08-12 00:00:00,2026-08-07 18:44:58
PB069922026,PB,PARAÍBA,SETA INSTITUTO DE PESQUISA LTDA,INSTITUTO SETA DE PESQUISA,"Governador, Senador, Deputado Federal, Deputado Estadual",800,08/08/2026,Galttieri Ferreira Tavares,"7000,00",2026-08-09 00:00:00,2026-08-07 23:56:00
SE052622026,SE,SERGIPE,INSTITUTO VERITA LTDA,VERITA,"Governador, Senador",1220,08/08/2026,Guilherme Alvarenga Laia,"70000,00",2026-08-12 00:00:00,2026-08-07 22:04:16
GO058362026,GO,GOIÁS,SMS - DIRECT PESQUISAS E MARKETING LTDA,DIRECT PESQUISAS,"Governador, Senador, Deputado Federal, Deputado Estadual",500,08/08/2026,Jose Dos Reis Cunha Filho,"6000,00",2026-08-09 00:00:00,2026-08-07 21:07:26
PE063442026,PE,PERNAMBUCO,ANDRE CAVALCANTE FALABELLA LTDA,INSTITUTO DE PESQUISA MULTIPLA,"Governador, Senador, Deputado Federal, Deputado Estadual",900,08/08/2026,Eduardo Jose Pereira da Costa,"20000,00",2026-08-11 00:00:00,2026-08-06 19:20:34
PI021882026,PI,PIAUÍ,INSTITUTO PIAUIENSE DE OPINIAO PUBLICA LTDA - EPP,AMOSTRAGEM OPINIAO E MERCADO,"Governador, Senador, Deputado Federal, Deputado Estadual",1137,08/08/2026,JOAO BATISTA MENDES TELES,"70000,00",2026-08-12 00:00:00,2026-08-14 17:32:10
RN075722026,RN,RIO GRANDE DO NORTE,INSTITUTO DATA CENSUS POTIGUAR LTDA,#NULO#,"Governador, Senador, Deputado Federal, Deputado Estadual",500,08/08/2026,KALLINE FABIANA SILVEIRA MARINHO,"5000,00",2026-08-10 00:00:00,2026-08-10 22:49:16
MA098852026,MA,MARANHÃO,IPPI PESQUISAS E CONSULTORIA LTDA,IPPI - PESQUISAS E CONSULTORIAS,"Governador, Senador, Deputado Federal, Deputado Estadual",1500,08/07/2026,Israel Oliveira da Costa Sousa,"60000,00",2026-07-12 00:00:00,2026-07-07 23:13:05
PE042632026,PE,PERNAMBUCO,ALMEIDA E CAVALCANTI LTDA,INSTITUTO CONECTA DE PESQUISA,"Governador, Senador",2000,08/07/2026,JERFSON BRUNO DO NASCIMENTO HONORIO,"30000,00",2026-07-12 00:00:00,2026-07-08 14:54:46
MA015552026,MA,MARANHÃO,M D C LEMOS LTDA,INOP PREVISAO PESQUISAS SERVICOS E PUBLICIDADES,"Governador, Senador, Deputado Federal, Deputado Estadual",2610,08/07/2026,VITOR EMMANUEL BOUCAS DA SILVA,"48000,00",2026-07-16 00:00:00,2026-07-15 15:20:06
PA038782026,PA,PARÁ,DOXA ARTE & COMUNICAO S/S LTDA,DOXA,"Governador, Senador, Deputado Federal, Deputado Estadual",2000,08/07/2026,JADSON FERNANDES CHAVES,"30000,00",2026-07-12 00:00:00,2026-07-09 12:45:17
PB056032026,PB,PARAÍBA,INSTITUTO DE PESQUISA DE GESTAO E POLITICA PARAIBANO LTDA,INSTITUTO DE PESQUISA PODIUM,"Governador, Senador",547,08/06/2026,Hildete Alves da Costa,"5470,00",2026-06-09 00:00:00,2026-06-09 20:21:53
PA064302026,PA,PARÁ,DOXA ARTE & COMUNICAO S/S LTDA,DOXA,"Governador, Senador",2000,08/06/2026,JADSON FERNANDES CHAVES ,"60000,00",2026-06-14 00:00:00,2026-06-09 15:34:51
AL058612026,AL,ALAGOAS,INSTITUTO VOX BRASIL OPINIAO E PESQUISAS LTDA,#NULO#,"Governador, Senador",1200,08/06/2026,GUILHERME COELHO NEVES,"65000,00",2026-06-11 00:00:00,2026-06-08 12:15:00
GO076832026,GO,GOIÁS,EXATA.GO PESQUISA LTDA,EXATA.GO,"Governador, Senador",3600,08/06/2026,AUGUSTO DA SILVA ROCHA,"20000,00",2026-06-13 00:00:00,2026-06-10 09:02:32
RO033402026,RO,RONDÔNIA,J J COELHO,INSTITUTO PHOENIX & ASSOCIADOS,"Governador, Senador, Deputado Federal, Deputado Estadual",1301,08/06/2026,AUGUSTO DA SILVA ROCHA,"8500,00",2026-06-11 00:00:00,2026-06-08 20:50:55
SE014542026,SE,SERGIPE,INSTITUTO FRANCA DE PESQUISAS LTDA,INSTITUTO FRANCA DE PESQUISA PESQUISA E ASSESSORIA,"Governador, Senador",711,08/06/2026,Aldine Andréa Oliveira de Sousa Cabral,"10580,00",2026-06-11 00:00:00,2026-06-12 19:12:57
GO065422026,GO,GOIÁS,INSTITUTO GAZETA LTDA,IGAPE- INSTITUTO GAZETA DE PEQUISAS,"Governador, Senador, Deputado Federal, Deputado Estadual",1200,08/05/2026,FILIPE MOREIRA MARTINE,"7500,00",2026-05-11 00:00:00,2026-05-07 17:11:35
AM094042026,AM,AMAZONAS,ATLASINTEL TECNOLOGIA DE DADOS LTDA,ATLASINTEL,"Governador, Senador",1200,08/05/2026,ANDREI CAMILO DOS SANTOS,"75000,00",2026-05-13 00:00:00,2026-05-08 19:36:59
PI086652026,PI,PIAUÍ,INSTITUTO CREDIBILIDADE LTDA,INSTITUTO CREDIBILIDADE,"Governador, Senador, Deputado Federal, Deputado Estadual",401,08/05/2026,DIOGENES VITOR DA SILVEIRA,"5000,00",2026-05-09 00:00:00,2026-05-19 21:53:38
SP081142026,SP,SÃO PAULO,INSTITUTO VOX BRASIL OPINIAO E PESQUISAS LTDA,#NULO#,"Governador, Senador, Deputado Federal, Deputado Estadual",1200,08/05/2026,GUILHERME COELHO NEVES,"15000,00",2026-05-09 00:00:00,2026-05-05 23:23:58
PR003232026,PR,PARANÁ,INSTITUTO PARANA DE PESQUISAS E ANALISE DE CONSUMIDOR LTDA,#NULO#,"Governador, Senador",1500,08/05/2026,Tatiani Cristina Ara,"135225,00",2026-05-10 00:00:00,2026-05-05 22:48:45
PI032692026,PI,PIAUÍ,CENSUS INSTITUTO DE PESQUISAS EIRELI,CENSUS,"Governador, Senador, Deputado Federal, Deputado Estadual",300,08/05/2026,Laércio de Sousa Araújo,"5000,00",2026-05-09 00:00:00,2026-05-12 17:33:17
MA098462026,MA,MARANHÃO,ATLASINTEL TECNOLOGIA DE DADOS LTDA,ATLASINTEL,"Governador, Senador",1200,08/05/2026,ANDREI CAMILO DOS SANTOS,"75000,00",2026-05-13 00:00:00,2026-05-08 19:42:24
PA087282026,PA,PARÁ,SIMETRIA CONSULTORIA E PESQUISA LTDA,SIMETRIA,Senador,600,08/04/2026,RUI DA COSTA ABRANTES,"8000,00",2026-04-11 00:00:00,2026-04-08 10:12:46
TO018432026,TO,TOCANTINS,LUCRO ATIVO LTDA,LUCRO ATIVO,"Governador, Senador, Deputado Federal, Deputado Estadual",1600,08/04/2026,Galttieri ferreira Tavares ,"15000,00",2026-04-12 00:00:00,2026-04-07 07:53:05
PI020952026,PI,PIAUÍ,CENSUS INSTITUTO DE PESQUISAS EIRELI,CENSUS,"Governador, Senador, Deputado Federal, Deputado Estadual",300,08/04/2026,Laércio de Sousa Araújo,"5000,00",2026-04-09 00:00:00,2026-04-11 15:00:00
GO092292026,GO,GOIÁS,GERP MERCADOLOGIA LTDA,GRUPO GERP GERP MERCADO GERP OPINIAO GERPAUDIT,Governador,1200,08/04/2026,CLENILSON SANTOS DE OLIVEIRA,"12000,00",2026-04-14 00:00:00,2026-04-08 17:45:31
PI010532026,PI,PIAUÍ,ROGERIO M. P. MOURA - ME,DATA MAX,"Governador, Senador, Deputado Federal, Deputado Estadual",401,08/04/2026,DAVID LEAL DE CARVALHO,"8000,00",2026-04-09 00:00:00,2026-04-14 23:36:33
PB085792026,PB,PARAÍBA,INSTITUTO DE PESQUISA DE GESTAO E POLITICA PARAIBANO LTDA,INSTITUTO DE PESQUISA PODIUM,"Governador, Senador, Deputado Federal, Deputado Estadual",134,08/03/2026,Hildete Alves da Costa,"1655,00",2026-03-08 00:00:00,2026-03-09 21:04:42
ES055882026,ES,ESPÍRITO SANTO,INSTITUTO PARANA DE PESQUISAS E ANALISE DE CONSUMIDOR LTDA,#NULO#,"Governador, Senador",1500,08/03/2026,Tatiani Cristina Ara,"40000,00",2026-03-11 00:00:00,2026-03-07 17:14:08
AM043272026,AM,AMAZONAS,J J COELHO,INSTITUTO PHOENIX & ASSOCIADOS,"Governador, Senador, Deputado Federal, Deputado Estadual",1055,08/03/2026,AUGUSTO DA SILVA ROCHA,"8500,00",2026-03-12 00:00:00,2026-03-06 21:22:01
GO023952026,GO,GOIÁS,EXATA.GO PESQUISA LTDA,EXATA.GO,"Governador, Senador",3200,08/03/2026,ESTENIO DA COSTA SANTOS,"15000,00",2026-03-12 00:00:00,2026-03-07 19:40:06
PB066422026,PB,PARAÍBA,INSTITUTO DE PESQUISA DE GESTAO E POLITICA PARAIBANO LTDA,INSTITUTO DE PESQUISA PODIUM,"Governador, Senador, Deputado Federal, Deputado Estadual",224,08/03/2026,Hildete Alves da Costa,"1655,00",2026-03-08 00:00:00,2026-03-09 22:12:59
GO097102026,GO,GOIÁS,SMS - DIRECT PESQUISAS E MARKETING LTDA,DIRECT PESQUISAS,"Governador, Senador, Deputado Federal, Deputado Estadual",1200,08/01/2026,José Dos Reis Cunha Filho,"20000,00",2026-01-12 00:00:00,2026-01-13 18:09:01
MA085912026,MA,MARANHÃO,ECONOMETRICA PESQUISA LTDA,ECONOMETRICA PESQUISA,"Governador, Senador",1362,08/01/2026,DANILIO SILVA SANTOS,"40000,00",2026-01-11 00:00:00,2026-01-14 21:49:28
RN049892026,RN,RIO GRANDE DO NORTE,PNH PESQUISA DE MERCADO E OPINIAO PUBLICA LTDA.,AFFARE INSTITUTE,"Governador, Senador",1607,08/01/2026,Emidio Cavalcanti de Albuquerque,"16500,00",2026-01-12 00:00:00,2026-01-16 10:18:42
PB092182026,PB,PARAÍBA,SETA INSTITUTO DE PESQUISA LTDA,INSTITUTO SETA DE PESQUISA,"Governador, Senador, Deputado Federal, Deputado Estadual",450,07/08/2026,Galttieri Ferreira Tavares,"5000,00",2026-08-08 00:00:00,2026-08-06 23:46:57
MT045602026,MT,MATO GROSSO,REAL TIME MIDIA LTDA,REAL TIME BIG DATA,"Governador, Senador",1600,07/08/2026,Isabela Zara Cremoneze,"24000,00",2026-08-11 00:00:00,2026-08-06 20:46:50
PE050262026,PE,PERNAMBUCO,MESQUITA TOTAL BRASIL LTDA,INSTITUTO REVISTA TOTAL BRASIL,"Governador, Senador",1200,07/08/2026,Izadora Zdanowsky Calmon dos Reis Pimentel,"38000,00",2026-08-09 00:00:00,2026-08-07 07:23:37
RN070322026,RN,RIO GRANDE DO NORTE,SETA INSTITUTO DE PESQUISA LTDA,INSTITUTO SETA DE PESQUISA,"Governador, Senador, Deputado Federal, Deputado Estadual",1500,07/08/2026,Galttieri Ferreira Tavares,"15000,00",2026-08-09 00:00:00,2026-08-06 23:24:22
MT031542026,MT,MATO GROSSO,PERCENT PESQUISA DE MERCADO E OPINIAO LTDA,PERCENT PESQUISA DE MERCADO E OPINIAO,"Governador, Senador, Deputado Federal, Deputado Estadual",1200,07/08/2026,Nathany Luzia de Oliveira,"29550,00",2026-08-10 00:00:00,2026-08-10 19:13:53
MS095902026,MS,MATO GROSSO DO SUL,RANKING BRASIL INTELIGENCIA LTDA,RANKING BRASIL INTELIGENCIA,"Governador, Senador, Deputado Federal, Deputado Estadual",2000,07/08/2026,AUGUSTO DA SILVA ROCHA,"20000,00",2026-08-12 00:00:00,2026-08-07 14:41:21
PE004782026,PE,PERNAMBUCO,INSTITUTO PARANA DE PESQUISAS E ANALISE DE CONSUMIDOR LTDA,#NULO#,"Governador, Senador",1500,07/07/2026,Tatiani Cristina Ara,"50000,00",2026-07-09 00:00:00,2026-07-04 13:36:39
RN026202026,RN,RIO GRANDE DO NORTE,EXATUS CONSULTORIA E PESQUISA LTDA,EXATUS CONSULTORIA E PESQUISA,"Governador, Senador, Deputado Federal, Deputado Estadual",1500,07/07/2026,Ythalo Hugo da Silva Santos,"30000,00",2026-07-10 00:00:00,2026-07-15 20:40:46
MG024302026,MG,MINAS GERAIS,MDA-PESQUISA DE OPINIAO PUBLICA E CONSULT. ESTATIST. LTDA - EPP,#NULO#,"Governador, Senador, Deputado Federal, Deputado Estadual",600,07/07/2026,Marcelo Costa Souza,"20000,00",2026-07-12 00:00:00,2026-07-08 17:47:33
AM076662026,AM,AMAZONAS,PESQUISA VIVA VOZ LTDA.,#NULO#,"Governador, Senador",1800,07/07/2026,MARCUS THADEU OLIVEIRA CAMPOS,"70000,00",2026-07-12 00:00:00,2026-07-07 20:15:33
PA096742026,PA,PARÁ,INSTITUTO VERITA LTDA,VERITA,"Governador, Senador",1525,07/07/2026,Guilherme Alvarenga Laia,"117425,00",2026-07-11 00:00:00,2026-07-06 21:13:46
MT065442026,MT,MATO GROSSO,WAGNER R. DE SOUZA,META PUBLICIDADE E PESQUISA,"Governador, Senador, Deputado Federal, Deputado Estadual, Deputado Distrital",500,07/07/2026,Wander Luiz Benesciuti,"7000,00",2026-07-08 00:00:00,2026-07-11 15:26:31
GO037512026,GO,GOIÁS,REAL TIME MIDIA LTDA,REAL TIME BIG DATA,"Governador, Senador",1600,07/07/2026,Isabela Zara Cremoneze,"64000,00",2026-07-08 00:00:00,2026-07-03 18:23:46
GO054432026,GO,GOIÁS,VILANI E BARBOSA NEGOCIOS LTDA,DATA RD,"Governador, Senador",1509,07/07/2026,JERFSON BRUNO DO NASCIMENTO HONORIO,"19700,00",2026-07-09 00:00:00,2026-07-06 21:13:58
RS024582026,RS,RIO GRANDE DO SUL,INSTITUTO VERITA LTDA,VERITA,"Governador, Senador",2020,07/07/2026,Guilherme Alvarenga Laia,"155540,00",2026-07-11 00:00:00,2026-07-06 21:36:06
PI075492026,PI,PIAUÍ,INSTITUTO VERITA LTDA,VERITA,"Governador, Senador",1220,07/07/2026,Guilherme Alvarenga Laia,"93940,00",2026-07-11 00:00:00,2026-07-06 21:30:23
PI043022026,PI,PIAUÍ,INSTITUTO PIAUIENSE DE OPINIAO PUBLICA LTDA - EPP,AMOSTRAGEM OPINIAO E MERCADO,"Governador, Senador, Deputado Federal, Deputado Estadual",1137,07/07/2026,JOAO BATISTA MENDES TELES,"70000,00",2026-07-12 00:00:00,2026-07-13 19:01:15
BA015872026,BA,BAHIA,INSTITUTO DATATRENDS LTDA,DATATRENDS,"Governador, Senador",1200,07/06/2026,Ythalo Hugo da Silva Santos,"15000,00",2026-06-09 00:00:00,2026-06-05 20:59:51
PB095782026,PB,PARAÍBA,INSTITUTO DATATRENDS LTDA,DATATRENDS,"Governador, Senador",1200,07/06/2026,Ythalo Hugo da Silva Santos,"15000,00",2026-06-09 00:00:00,2026-06-05 20:19:22
TO044632026,TO,TOCANTINS,INSTITUTO PARANA DE PESQUISAS E ANALISE DE CONSUMIDOR LTDA,#NULO#,"Governador, Senador",1300,07/06/2026,Tatiani Cristina Ara,"40000,00",2026-06-09 00:00:00,2026-06-04 21:03:58
RO004132026,RO,RONDÔNIA,BRASIL DADOS INTELIGENCIA EM DADOS E SOLUCOES E PESQUISAS LTDA,BRASIL DADOS,"Governador, Senador, Deputado Federal, Deputado Estadual",1200,07/06/2026,Luiz Gonzaga De Souza Dutra,"12000,00",2026-06-10 00:00:00,2026-06-06 22:02:37
PR069782026,PR,PARANÁ,INSTITUTO PARANA DE PESQUISAS E ANALISE DE CONSUMIDOR LTDA,#NULO#,"Governador, Senador",1500,07/06/2026,Tatiani Cristina Ara,"135900,00",2026-06-09 00:00:00,2026-06-04 21:08:33
PI030112026,PI,PIAUÍ,INSTITUTO CREDIBILIDADE LTDA,INSTITUTO CREDIBILIDADE,"Governador, Senador, Deputado Federal, Deputado Estadual",401,07/05/2026,DIOGENES VITOR DA SILVEIRA,"5000,00",2026-05-08 00:00:00,2026-05-10 20:04:55
RN033542026,RN,RIO GRANDE DO NORTE,METADATA SOLUCOES INTELIGENTES LTDA,METADATA,"Governador, Senador, Deputado Federal, Deputado Estadual",1550,07/05/2026,Karine Symonir de Brito Pessoa,"50000,00",2026-05-09 00:00:00,2026-05-05 21:01:27
RJ022852026,RJ,RIO DE JANEIRO,VETOR ARROW INSTITUTO DE PESQUISA E OPINIAO LTDA,#NULO#,"Governador, Senador",4729,07/05/2026,Luciano Moura Silva,"94580,00",2026-05-08 00:00:00,2026-05-07 12:33:46
MA044992026,MA,MARANHÃO,IPPI PESQUISAS E CONSULTORIA LTDA,IPPI - PESQUISAS E CONSULTORIAS,Senador,1500,07/05/2026,Antonio Alberto Ibiapina Costa Filho,"28000,00",2026-05-11 00:00:00,2026-05-08 15:33:10
PE025932026,PE,PERNAMBUCO,ANDRE CAVALCANTE FALABELLA LTDA,INSTITUTO DE PESQUISA MULTIPLA,"Governador, Senador, Deputado Federal, Deputado Estadual",300,07/05/2026,Eduardo José Pereira da Costa ,"10000,00",2026-05-08 00:00:00,2026-05-11 19:01:39
PI040522026,PI,PIAUÍ,INSTITUTO DATA AZ DE PESQUISA LTDA,INSTITUTO DE PESQUISA DATA AZ,"Governador, Senador, Deputado Federal, Deputado Estadual",400,07/05/2026,Laércio de Sousa Araújo,"4500,00",2026-05-08 00:00:00,2026-05-08 18:01:23
GO051352026,GO,GOIÁS,SMS - DIRECT PESQUISAS E MARKETING LTDA,DIRECT PESQUISAS,"Governador, Senador, Deputado Federal, Deputado Estadual",1000,07/04/2026,José Dos Reis Cunha Filho,"10000,00",2026-04-10 00:00:00,2026-04-06 22:54:20
PI028232026,PI,PIAUÍ,"JS PORTAIS, COMUNICACAO E PUBLICIDADE LTDA",INSTITUTO GP1 DE PESQUISA,"Governador, Senador, Deputado Federal, Deputado Estadual",1137,07/04/2026,THAYNARA THALESSA MONTESSERARTE ALMEIDA SALES C. DE ARAÚJO,"60000,00",2026-04-10 00:00:00,2026-04-07 11:25:03
RO036132026,RO,RONDÔNIA,BRASIL DADOS INTELIGENCIA EM DADOS E SOLUCOES E PESQUISAS LTDA,BRASIL DADOS,"Governador, Senador, Deputado Federal, Deputado Estadual",925,07/04/2026,Luiz Gonzaga De Souza Dutra,"9800,00",2026-04-10 00:00:00,2026-04-07 15:03:50
GO055532026,GO,GOIÁS,SMS - DIRECT PESQUISAS E MARKETING LTDA,DIRECT PESQUISAS,"Governador, Senador, Deputado Federal, Deputado Estadual",1000,07/04/2026,José Dos Reis Cunha Filho,"10000,00",2026-04-10 00:00:00,2026-04-06 21:21:02
RN076702026,RN,RIO GRANDE DO NORTE,PNH PESQUISA DE MERCADO E OPINIAO PUBLICA LTDA.,AFFARE INSTITUTE,"Governador, Senador",1500,07/04/2026,Emídio Cavalcanti de Albuquerque,"22500,00",2026-04-11 00:00:00,2026-04-06 22:24:26
PB055722026,PB,PARAÍBA,INSTITUTO DE PESQUISA DE GESTAO E POLITICA PARAIBANO LTDA,INSTITUTO DE PESQUISA PODIUM,"Governador, Senador, Deputado Federal, Deputado Estadual",1536,07/04/2026,Hildete Alves da Costa,"15360,00",2026-04-22 00:00:00,2026-04-24 18:34:40
PI024852026,PI,PIAUÍ,CENSUS INSTITUTO DE PESQUISAS EIRELI,CENSUS,"Governador, Senador, Deputado Federal, Deputado Estadual",300,07/04/2026,Laércio de Sousa Araújo,"8000,00",2026-04-08 00:00:00,2026-04-09 20:01:03
PI097512026,PI,PIAUÍ,ROGERIO M. P. MOURA - ME,DATA MAX,"Governador, Senador, Deputado Federal, Deputado Estadual",400,07/03/2026,DAVID LEAL DE CARVALHO,"8000,00",2026-03-08 00:00:00,2026-03-10 20:55:38
PB052802026,PB,PARAÍBA,INSTITUTO DE PESQUISA DE GESTAO E POLITICA PARAIBANO LTDA,INSTITUTO DE PESQUISA PODIUM,"Governador, Senador, Deputado Federal, Deputado Estadual",129,07/03/2026,Hildete Alves da Costa,"1655,00",2026-03-07 00:00:00,2026-03-09 20:43:09
PI043172026,PI,PIAUÍ,INSTITUTO CREDIBILIDADE LTDA,INSTITUTO CREDIBILIDADE,"Governador, Senador, Deputado Federal, Deputado Estadual, Deputado Distrital",400,07/03/2026,DIOGENES VITOR DA SILVEIRA,"8000,00",2026-03-08 00:00:00,2026-03-10 15:31:21
RN075292026,RN,RIO GRANDE DO NORTE,SETA INSTITUTO DE PESQUISA LTDA,INSTITUTO SETA DE PESQUISA,"Governador, Senador, Deputado Federal, Deputado Estadual",1500,07/03/2026,Galttieri Ferreira Tavares,"15000,00",2026-03-09 00:00:00,2026-03-14 18:50:42
AM000382026,AM,AMAZONAS,M P VALIN EIRELI,PROJETA PESQUISA DE MERCADO OPNIAO PUBLICA,"Governador, Senador",2390,07/03/2026,Marcel Paredes Valin,"34000,00",2026-03-12 00:00:00,2026-03-07 19:21:43
PB066392026,PB,PARAÍBA,INSTITUTO DE PESQUISA DE GESTAO E POLITICA PARAIBANO LTDA,INSTITUTO DE PESQUISA PODIUM,"Governador, Senador, Deputado Federal, Deputado Estadual",106,07/03/2026,Hildete Alves da Costa,"1655,00",2026-03-07 00:00:00,2026-03-09 21:36:31
AP076302026,AP,AMAPÁ,REAL TIME MIDIA LTDA,REAL TIME BIG DATA,"Governador, Senador",2000,07/02/2026,Isabela Zara Cremoneze,"80000,00",2026-02-09 00:00:00,2026-02-04 22:42:54
RS081072026,RS,RIO GRANDE DO SUL,100% CIDADES PARTICIPACOES LTDA,100 CIDADES,"Governador, Senador",800,07/02/2026,Fabíola Miranda von Rondow,"64000,00",2026-02-09 00:00:00,2026-02-05 15:42:35
RN094712026,RN,RIO GRANDE DO NORTE,INSPPE - INSTITUTO POTIGUAR DE PESQUISAS ESTATISTICAS LTDA,INSPPE - INSTITUTO POTIGUAR DE PESQUISAS ESTATISTICAS,"Governador, Senador, Deputado Federal, Deputado Estadual",1048,07/01/2026,Ábia Mariane Aquino do Nascimento,"20000,00",2026-01-09 00:00:00,2026-01-07 17:50:22
BA002772026,BA,BAHIA,REAL TIME MIDIA LTDA,REAL TIME BIG DATA,"Governador, Senador",1600,06/08/2026,Isabela Zara Cremoneze,"24000,00",2026-08-10 00:00:00,2026-08-05 15:22:58
CE027772026,CE,CEARÁ,ATLASINTEL TECNOLOGIA DE DADOS LTDA,ATLASINTEL,"Governador, Senador",1800,06/08/2026,Andrei Camilo dos Santos,"55000,00",2026-08-11 00:00:00,2026-08-06 19:14:24
RN020472026,RN,RIO GRANDE DO NORTE,QUALITTA EMPREEDIMENTOS LTDA,QUALITTA EMPREENDIMENTOS,"Governador, Senador, Deputado Federal, Deputado Estadual",1200,06/08/2026,AUGUSTO DA SILVA ROCHA,"22000,00",2026-08-10 00:00:00,2026-08-05 21:12:46
RJ065802026,RJ,RIO DE JANEIRO,D'ART PESQUISAS DE OPINIAO E EVENTOS LTDA,D ART PROMOCOES,"Governador, Senador, Deputado Federal, Deputado Estadual",474,06/08/2026,Edson Melo Muniz,"16000,00",2026-08-07 00:00:00,2026-08-11 13:26:04
PE089822026,PE,PERNAMBUCO,OPINIAO PESQUISAS SOCIAIS LTDA,OPINIAO PESQUISAS SOCIAIS,"Governador, Senador",2000,06/08/2026,JOSE JOAQUIM LIRA ROBERTO BRAGA,"45000,00",2026-08-09 00:00:00,2026-08-06 09:39:36
PE002622026,PE,PERNAMBUCO,CONTEXTTO PESQUISAS DE MERCADO E OPINIAO LTDA,CONTEXTTO E REVILLO,"Governador, Senador",1200,06/08/2026,Julyana Kelly Tavares de Araujo,"38000,00",2026-08-10 00:00:00,2026-08-05 13:39:03
PB092192026,PB,PARAÍBA,SETA INSTITUTO DE PESQUISA LTDA,INSTITUTO SETA DE PESQUISA,"Governador, Senador, Deputado Federal, Deputado Estadual",450,06/08/2026,Galttieri Ferreira Tavares,"5000,00",2026-08-07 00:00:00,2026-08-05 23:57:03
MA028102026,MA,MARANHÃO,IPPI PESQUISAS E CONSULTORIA LTDA,IPPI - PESQUISAS E CONSULTORIAS,"Governador, Senador, Deputado Federal, Deputado Estadual",1500,06/08/2026,Antonio Alberto Ibiapina Costa Filho,"60000,00",2026-08-10 00:00:00,2026-08-06 22:16:31
RN036822026,RN,RIO GRANDE DO NORTE,METADATA SOLUCOES INTELIGENTES LTDA,METADATA,"Governador, Senador, Deputado Federal, Deputado Estadual, Deputado Distrital",1536,06/08/2026,Karine Symonir de Brito Pessoa,"50000,00",2026-08-08 00:00:00,2026-08-04 22:44:57
PA088802026,PA,PARÁ,AMPLA PESQUISA DE OPINIAO PUBLICA LTDA,AMPLA VOX,"Governador, Senador, Deputado Federal, Deputado Estadual",1500,06/07/2026,Jadson Fernandes Chaves,"50000,00",2026-07-10 00:00:00,2026-07-05 16:48:18
AL014602026,AL,ALAGOAS,INSTITUTO VOX BRASIL OPINIAO E PESQUISAS LTDA,#NULO#,"Governador, Senador, Deputado Federal, Deputado Estadual",1200,06/07/2026,GUILHERME COELHO NEVES,"65000,00",2026-07-08 00:00:00,2026-07-06 21:32:01
SE053172026,SE,SERGIPE,INOR - INSTITUTO DE PESQUISA DO NORDESTE LTDA,#NULO#,"Governador, Senador",1070,06/07/2026,DRIELLY JULIANNE RODRIGUES SANTOS,"20000,00",2026-07-08 00:00:00,2026-07-03 15:48:41
PB033332026,PB,PARAÍBA,INSTITUTO DE PESQUISA DE GESTAO E POLITICA PARAIBANO LTDA,INSTITUTO DE PESQUISA PODIUM,"Governador, Senador",2000,06/07/2026,Hildete Alves da Costa,"20000,00",2026-07-11 00:00:00,2026-07-12 20:28:51
MA043112026,MA,MARANHÃO,REAL TIME MIDIA LTDA,REAL TIME BIG DATA,"Governador, Senador",1600,06/07/2026,Isabela Zara Cremoneze,"64000,00",2026-07-07 00:00:00,2026-07-02 20:58:25
PI080812026,PI,PIAUÍ,OPINAR PESQUISAS LTDA.,OPINAR PESQUISAS,Senador,1200,06/07/2026,KLEISON DE PAIVA FREITAS,"67105,00",2026-07-08 00:00:00,2026-07-09 21:11:18
AM001632026,AM,AMAZONAS,A F SOARES MARKETING E PESQUISAS DE MERCADO LTDA - EPP,ACTION MARKETING E PESQUISAS,"Governador, Senador",2685,06/07/2026,JOAO CALDAS DO LAGO NETO,"249034,30",2026-07-10 00:00:00,2026-07-08 12:48:04
RJ069662026,RJ,RIO DE JANEIRO,VETOR ARROW INSTITUTO DE PESQUISA E OPINIAO LTDA,#NULO#,"Governador, Senador, Deputado Federal, Deputado Estadual",14000,06/06/2026,Luciano Moura Silva,"140000,00",2026-06-09 00:00:00,2026-06-02 16:19:11
ES066982026,ES,ESPÍRITO SANTO,REAL TIME MIDIA LTDA,REAL TIME BIG DATA,"Governador, Senador",1600,06/06/2026,Isabela Zara Cremoneze,"64000,00",2026-06-08 00:00:00,2026-06-03 19:01:00
SC079422026,SC,SANTA CATARINA,MAPA MARKETING E PARTICIPACOES LTDA,#NULO#,"Governador, Senador",1008,06/06/2026,Andrigo Rodrigues,"54000,00",2026-06-11 00:00:00,2026-06-06 15:39:58
PI093812026,PI,PIAUÍ,CENSUS INSTITUTO DE PESQUISAS EIRELI,CENSUS,"Governador, Senador, Deputado Federal, Deputado Estadual",301,06/05/2026,Laércio de Sousa Araújo,"5000,00",2026-05-07 00:00:00,2026-05-11 23:16:52
TO017782026,TO,TOCANTINS,INSTITUTO VERITA LTDA,VERITA,"Governador, Senador",1220,06/05/2026,GUILHERME ALVARENGA LAIA,"93940,00",2026-05-10 00:00:00,2026-05-05 22:00:59
GO093612026,GO,GOIÁS,SMS - DIRECT PESQUISAS E MARKETING LTDA,DIRECT PESQUISAS,"Governador, Senador, Deputado Federal, Deputado Estadual",700,06/05/2026,José Dos Reis Cunha Filho,"8000,00",2026-05-08 00:00:00,2026-05-05 22:25:50
AM028682026,AM,AMAZONAS,CENSUS INSTITUTO DE PESQUISA ESTATISTICA E TECNOLOGIA LTDA,CIPET,"Governador, Senador",2000,06/05/2026,Natacha Porto de Sousa,"35000,00",2026-05-10 00:00:00,2026-05-08 17:14:03
SP024172026,SP,SÃO PAULO,INSTITUTO VERITA LTDA,VERITA,"Governador, Senador",3025,06/05/2026,GUILHERME ALVARENGA LAIA,"232925,00",2026-05-10 00:00:00,2026-05-05 20:20:12
SC058462026,SC,SANTA CATARINA,INSTITUTO VERITA LTDA,VERITA,"Governador, Senador",1525,06/05/2026,GUILHERME ALVARENGA LAIA,"117425,00",2026-05-10 00:00:00,2026-05-05 20:15:34
PI069962026,PI,PIAUÍ,ROGERIO M. P. MOURA - ME,DATA MAX,"Governador, Senador, Deputado Federal, Deputado Estadual",400,06/05/2026,DAVID LEAL DE CARVALHO,"5000,00",2026-05-08 00:00:00,2026-05-12 17:53:41
RR017972026,RR,RORAIMA,INSTITUTO VERITA LTDA,VERITA,"Governador, Senador",1030,06/05/2026,GUILHERME ALVARENGA LAIA,"79310,00",2026-05-10 00:00:00,2026-05-05 20:27:02
SE088572026,SE,SERGIPE,INSTITUTO VERITA LTDA,VERITA,Senador,1220,06/05/2026,GUILHERME ALVARENGA LAIA,"93940,00",2026-05-10 00:00:00,2026-05-05 20:17:44
CE054592026,CE,CEARÁ,INSTITUTO OPINIAO DE GESTAO E PESQUISAS LTDA,INSTITUTO OPINIAO,Governador,1537,06/04/2026,Raimundo Nonato Castro da Silva,"50000,00",2026-04-09 00:00:00,2026-04-06 20:10:00
PE053632026,PE,PERNAMBUCO,REAL TIME MIDIA LTDA,REAL TIME BIG DATA,"Governador, Senador",1600,06/04/2026,Isabela Zara Cremoneze,"64000,00",2026-04-07 00:00:00,2026-04-02 20:03:22
SE072272026,SE,SERGIPE,INSTITUTO FRANCA DE PESQUISAS LTDA,INSTITUTO FRANCA DE PESQUISA PESQUISA E ASSESSORIA,"Governador, Senador",1200,06/04/2026,Aldine Andréa Oliveira de Sousa Cabral,"15000,00",2026-04-08 00:00:00,2026-04-03 00:00:00
PB097462026,PB,PARAÍBA,SETA INSTITUTO DE PESQUISA LTDA,INSTITUTO SETA DE PESQUISA,"Governador, Senador, Deputado Federal, Deputado Estadual",500,06/04/2026,Galttieri Ferreira Tavares,"5000,00",2026-04-07 00:00:00,2026-04-04 23:59:04
PI004702026,PI,PIAUÍ,ROGERIO M. P. MOURA - ME,DATA MAX,"Governador, Senador, Deputado Federal, Deputado Estadual",400,06/03/2026,DAVID LEAL DE CARVALHO,"8000,00",2026-03-07 00:00:00,2026-03-10 21:15:46
SP007052026,SP,SÃO PAULO,REAL TIME MIDIA LTDA,REAL TIME BIG DATA,"Governador, Senador",2000,06/03/2026,Isabela Zara Cremoneze,"80000,00",2026-03-07 00:00:00,2026-03-03 21:39:51
TO065952026,TO,TOCANTINS,EXATA.GO PESQUISA LTDA,EXATA.GO,"Governador, Senador, Deputado Federal, Deputado Estadual, Deputado Distrital",22820,06/02/2026,ESTENIO DA COSTA SANTOS,"10000,00",2026-02-11 00:00:00,2026-02-06 13:26:03
SP047452026,SP,SÃO PAULO,IPESPE INST DE PESQUISAS SOCIAIS POLITICAS E ECONOMICAS,#NULO#,"Governador, Senador",1500,06/02/2026,Joaquim Andre Harmes,"80000,00",2026-02-09 00:00:00,2026-02-05 21:18:58
SP046502026,SP,SÃO PAULO,INSTITUTO PARANA DE PESQUISAS E ANALISE DE CONSUMIDOR LTDA,#NULO#,"Governador, Senador",1580,06/02/2026,Tatiani Cristina Ara,"40000,00",2026-02-10 00:00:00,2026-02-05 18:28:00
CE010282026,CE,CEARÁ,INSTITUTO OPINIAO DE GESTAO E PESQUISAS LTDA,INSTITUTO OPINIAO,"Governador, Deputado Federal, Deputado Estadual",1536,06/02/2026,Raimundo Nonato Castro Da Silva,"50000,00",2026-02-09 00:00:00,2026-02-06 12:31:39
RJ099752026,RJ,RIO DE JANEIRO,VETOR ARROW INSTITUTO DE PESQUISA E OPINIAO LTDA,#NULO#,"Governador, Senador, Deputado Federal, Deputado Estadual",14000,05/09/2026,Luciano Moura Silva,"140000,00",2026-09-08 00:00:00,2026-06-02 17:08:06
AC016492026,AC,ACRE,INSTITUTO TRAVESSIA DIAGNOSTICO LTDA,#NULO#,"Governador, Senador",800,05/08/2026,Ana Paula da Silva Prado,"32000,00",2026-08-08 00:00:00,2026-08-04 17:15:26
PR018572026,PR,PARANÁ,ALFA INTELIGENCIA E SERVICOS DE SOFTWARE E OPINIAO S/A,ALFA INTELIGENCIA,"Governador, Senador",1200,05/08/2026,HIAGO JOSE ANDRADE DE ALBUQUERQUE MARTINS,"50000,00",2026-08-09 00:00:00,2026-08-04 22:58:09
SP099632026,SP,SÃO PAULO,ENFOQUE ASSESSORIA DE COMUNICACAO INTEGRADA LTDA - ME,#NULO#,"Governador, Senador, Deputado Federal, Deputado Estadual, Deputado Distrital",800,05/08/2026,Mario Sergio Matheus dos Santos,"8500,00",2026-08-10 00:00:00,2026-08-05 18:52:18
PI000172026,PI,PIAUÍ,INSTITUTO CREDIBILIDADE LTDA,INSTITUTO CREDIBILIDADE,"Governador, Senador, Deputado Federal, Deputado Estadual",426,05/08/2026,DIOGENES VITOR DA SILVEIRA,"7000,00",2026-08-06 00:00:00,2026-08-07 12:18:03
PB008662026,PB,PARAÍBA,SETA INSTITUTO DE PESQUISA LTDA,INSTITUTO SETA DE PESQUISA,"Governador, Senador, Deputado Federal, Deputado Estadual",550,05/08/2026,Galttieri Ferreira Tavares,"5000,00",2026-08-06 00:00:00,2026-08-04 23:28:23
SP049562026,SP,SÃO PAULO,BOAS IDEIAS INTELIGENCIA EM PESQUISA E ESTRATEGIA DIGITAL LTDA,"BOAS IDEIAS, ESTRATEGIA E INTELIGENCIA DIGITAL.","Governador, Senador",1800,05/08/2026,ADRIANA APARECIDA MARCAL,"69878,92",2026-08-08 00:00:00,2026-08-04 19:29:03
TO036232026,TO,TOCANTINS,MARCELLO LEONARDI BEZERRA,INSTITUTO VOX TOCANTINS,"Governador, Senador",1314,05/06/2026,GALTTIERI FERREIRA TAVARES,"15000,00",2026-06-09 00:00:00,2026-06-14 10:08:28
PB036122026,PB,PARAÍBA,INSTITUTO DE PESQUISA DE GESTAO E POLITICA PARAIBANO LTDA,INSTITUTO DE PESQUISA PODIUM,"Governador, Senador",577,05/06/2026,Hildete Alves da Costa,"5770,00",2026-06-07 00:00:00,2026-06-07 12:57:57
MS068202026,MS,MATO GROSSO DO SUL,IPEMS INSTITUTO DE PESQUISAS DE MATO GROSSO DO SUL LTDA - ME,#NULO#,"Governador, Senador, Deputado Federal, Deputado Estadual",950,05/06/2026,Ivan Ferreira Domingues,"25000,00",2026-06-10 00:00:00,2026-06-04 20:12:38
PI067432026,PI,PIAUÍ,INSTITUTO PIAUIENSE DE OPINIAO PUBLICA LTDA - EPP,AMOSTRAGEM OPINIAO E MERCADO,"Governador, Senador, Deputado Federal, Deputado Estadual",400,05/05/2026,JOÃO BATISTA MENDES TELES,"11500,00",2026-05-08 00:00:00,2026-05-15 18:02:54
TO098102026,TO,TOCANTINS,LUCRO ATIVO LTDA,LUCRO ATIVO,"Governador, Senador, Deputado Federal, Deputado Estadual",800,05/05/2026,Galttieri ferreira Tavares ,"7000,00",2026-05-11 00:00:00,2026-05-04 20:34:30
MS090262026,MS,MATO GROSSO DO SUL,RANKING BRASIL INTELIGENCIA LTDA,RANKING BRASIL INTELIGENCIA,"Governador, Senador, Deputado Federal, Deputado Estadual",2000,05/04/2026,AUGUSTO DA SILVA ROCHA,"20000,00",2026-04-10 00:00:00,2026-04-04 13:00:38
PE020062026,PE,PERNAMBUCO,ALMEIDA E CAVALCANTI LTDA,INSTITUTO CONECTA DE PESQUISA,Governador,1200,05/04/2026,CP-Brasil AC Certisign RFB G5 A1 17334115000115 JERFSON BRUNO DO NASCIMENTO HONORIO,"15000,00",2026-04-07 00:00:00,2026-04-02 15:21:16
AM010912026,AM,AMAZONAS,"QUAEST PESQUISAS, CONSULTORIA E PROJETOS LTDA.",#NULO#,"Governador, Senador",1500,05/03/2026,Margarida Maria de Mendonça,"337730,00",2026-03-11 00:00:00,2026-03-07 16:34:11
MS088892026,MS,MATO GROSSO DO SUL,A. F. BARBOSA & CIA. LTDA - ME,INSTITUTO DE PESQUISA RESULTADO IPR,#NULO#,784,05/03/2026,Alexandre Vasconcelos Lima,"12500,00",2026-03-09 00:00:00,2026-03-05 17:46:08
MG058322026,MG,MINAS GERAIS,VIAVOX CONSULTORIA ADMINISTRATIVA E PESQUISAS DE OPINIAO LTDA,#NULO#,"Governador, Senador, Deputado Federal, Deputado Estadual, Deputado Distrital",400,05/03/2026,KÁTIA REGINA BIANCO,"5000,00",2026-03-06 00:00:00,2026-03-04 20:41:08
MA006342026,MA,MARANHÃO,INSTITUTO PARANA DE PESQUISAS E ANALISE DE CONSUMIDOR LTDA,#NULO#,"Governador, Senador",1300,05/03/2026,Tatiani Cristina Ara,"35000,00",2026-03-08 00:00:00,2026-03-04 17:53:17
PI035552026,PI,PIAUÍ,CENSUS INSTITUTO DE PESQUISAS EIRELI,CENSUS,"Governador, Senador",400,05/03/2026,Laércio de Sousa Araújo,"8000,00",2026-03-07 00:00:00,2026-03-10 17:01:00
GO018952026,GO,GOIÁS,INSTITUTO GAZETA LTDA,IGAPE- INSTITUTO GAZETA DE PEQUISAS,"Governador, Senador, Deputado Federal, Deputado Estadual",500,05/02/2026,FILIPE MOREIRA MARTINE,"3000,00",2026-02-07 00:00:00,2026-02-04 15:03:21
PR070342026,PR,PARANÁ,INDICE INTELIGENCIA LTDA,INDICE INTELIGENCIA,"Governador, Senador",1200,04/08/2026,Ianne Rafaella Santos Melo,"15000,00",2026-08-06 00:00:00,2026-08-03 22:02:12
SP034632026,SP,SÃO PAULO,AMERICAN ANALYTICS DO BRASIL CONSULTORIA LTDA,AMERICAN ANALYTICS,"Governador, Senador",1500,04/08/2026,GIOVANA RILLARY DA SILVA ROCHA,"30000,00",2026-08-08 00:00:00,2026-08-03 22:02:02
AC067872026,AC,ACRE,F. FACANHA DE ALMEIDA,DELTA AGENCIA DE PESQUISA,"Governador, Senador",1006,04/08/2026,Alexandre Vasconcelos Lima,"26000,00",2026-08-09 00:00:00,2026-08-05 21:15:39
PI007482026,PI,PIAUÍ,INSTITUTO PIAUIENSE DE OPINIAO PUBLICA LTDA - EPP,AMOSTRAGEM OPINIAO E MERCADO,"Governador, Senador, Deputado Federal, Deputado Estadual",1700,04/08/2026,JOAO BATISTA MENDES TELES,"51000,00",2026-08-08 00:00:00,2026-08-10 18:24:12
MT085842026,MT,MATO GROSSO,NEXUS CONSULTORIA E PESQUISAS LTDA,NEXUS CONSULTORIA E PESQUISAS,"Deputado Federal, Deputado Estadual",200,04/07/2026,AUGUSTO DA SILVA ROCHA,"7000,00",2026-07-06 00:00:00,2026-07-10 19:20:23
RN015472026,RN,RIO GRANDE DO NORTE,SETA INSTITUTO DE PESQUISA LTDA,INSTITUTO SETA DE PESQUISA,"Governador, Senador, Deputado Federal, Deputado Estadual",500,04/07/2026,Galttieri Ferreira Tavares,"6000,00",2026-07-05 00:00:00,2026-07-07 23:16:26
RJ027932026,RJ,RIO DE JANEIRO,VETOR ARROW INSTITUTO DE PESQUISA E OPINIAO LTDA,#NULO#,"Governador, Senador, Deputado Federal, Deputado Estadual",14000,04/07/2026,Luciano Moura Silva,"140000,00",2026-07-07 00:00:00,2026-06-02 16:08:48
RN048462026,RN,RIO GRANDE DO NORTE,SETA INSTITUTO DE PESQUISA LTDA,INSTITUTO SETA DE PESQUISA,"Governador, Senador, Deputado Federal, Deputado Estadual",1500,04/07/2026,Galttieri Ferreira Tavares,"15000,00",2026-07-06 00:00:00,2026-07-03 22:47:12
PB023572026,PB,PARAÍBA,GRUPO DE PESQUISA SAO JUDAS TADEU LTDA,TDL PESQUISA,"Governador, Senador",1200,04/07/2026,HIAGO JOSE ANDRADE DE ALBUQUERQUE MARTINS,"30000,00",2026-07-07 00:00:00,2026-07-03 17:47:04
SE097802026,SE,SERGIPE,"ECM - EDICAO, COMUNICACAO & MARKETING LTDA",ECM-PESQUISAS,"Governador, Senador, Deputado Federal, Deputado Estadual",1200,04/06/2026,Flávio Ferreira da Conceição,"11000,00",2026-06-07 00:00:00,2026-06-03 09:39:26
PI082302026,PI,PIAUÍ,INSTITUTO PIAUIENSE DE OPINIAO PUBLICA LTDA - EPP,AMOSTRAGEM OPINIAO E MERCADO,"Governador, Senador, Deputado Federal, Deputado Estadual",300,04/06/2026,JOÃO BATISTA MENDES TELES,"9000,00",2026-06-07 00:00:00,2026-06-10 17:20:32
PI048212026,PI,PIAUÍ,INSTITUTO PIAUIENSE DE OPINIAO PUBLICA LTDA - EPP,AMOSTRAGEM OPINIAO E MERCADO,"Governador, Senador, Deputado Federal, Deputado Estadual",400,04/05/2026,JOÃO BATISTA MENDES TELES,"11500,00",2026-05-06 00:00:00,2026-05-15 17:05:43
RO026732026,RO,RONDÔNIA,INSTITUTO VERITA LTDA,VERITA,"Governador, Senador",1220,04/05/2026,GUILHERME ALVARENGA LAIA,"93940,00",2026-05-08 00:00:00,2026-05-05 20:10:48
RJ089772026,RJ,RIO DE JANEIRO,INSTITUTO VERITA LTDA,VERITA,"Governador, Senador",2030,04/05/2026,GUILHERME ALVARENGA LAIA,"156310,00",2026-05-08 00:00:00,2026-05-03 21:12:05
RS079882026,RS,RIO GRANDE DO SUL,INSTITUTO VERITA LTDA,VERITA,"Governador, Senador",2020,04/05/2026,GUILHERME ALVARENGA LAIA,"155540,00",2026-05-08 00:00:00,2026-05-03 21:21:34
MS052192026,MS,MATO GROSSO DO SUL,INSTITUTO VERITA LTDA,VERITA,"Governador, Senador",1220,04/05/2026,GUILHERME ALVARENGA LAIA,"93940,00",2026-05-08 00:00:00,2026-05-03 21:06:21
PI032332026,PI,PIAUÍ,INSTITUTO CREDIBILIDADE LTDA,INSTITUTO CREDIBILIDADE,"Governador, Senador, Deputado Federal, Deputado Estadual",401,04/05/2026,DIOGENES VITOR DA SILVEIRA,"5000,00",2026-05-05 00:00:00,2026-05-10 20:17:20
SC028202026,SC,SANTA CATARINA,NEOBE GESTAO E SERVICOS LTDA,NEOKEMP PESQUISAS,"Governador, Senador",1008,04/05/2026,LUCIA HELENA SILVA CARDOSO,"25000,00",2026-05-06 00:00:00,2026-04-30 19:12:49
RN040972026,RN,RIO GRANDE DO NORTE,INSTITUTO VERITA LTDA,VERITA,"Governador, Senador",1220,04/05/2026,GUILHERME ALVARENGA LAIA,"93940,00",2026-05-08 00:00:00,2026-05-03 21:14:40
MG059112026,MG,MINAS GERAIS,INSTITUTO VERITA LTDA,VERITA,"Governador, Senador",2030,04/05/2026,GUILHERME ALVARENGA LAIA,"156310,00",2026-05-08 00:00:00,2026-05-03 21:03:40
MA042742026,MA,MARANHÃO,M D C LEMOS LTDA,INOP PREVISAO PESQUISAS SERVICOS E PUBLICIDADES,"Governador, Senador",2530,04/04/2026,VITOR EMMANUEL BOUÇAS DA SILVA,"38000,00",2026-04-09 00:00:00,2026-04-06 12:33:16
MG037972026,MG,MINAS GERAIS,INSTITUTO PARANA DE PESQUISAS E ANALISE DE CONSUMIDOR LTDA,#NULO#,"Governador, Senador",1350,04/03/2026,Tatiani Cristina Ara,"35000,00",2026-03-07 00:00:00,2026-03-03 19:18:12
PI095652026,PI,PIAUÍ,ROGERIO M. P. MOURA - ME,DATA MAX,"Governador, Senador, Deputado Federal, Deputado Estadual",400,04/03/2026,DAVID LEAL DE CARVALHO,"8000,00",2026-03-07 00:00:00,2026-03-10 21:30:15
MA012772026,MA,MARANHÃO,M D C LEMOS LTDA,INOP PREVISAO PESQUISAS SERVICOS E PUBLICIDADES,"Governador, Senador",2548,04/03/2026,VITOR EMMANUEL BOUÇAS DA SILVA,"38000,00",2026-03-11 00:00:00,2026-03-05 20:18:02
GO043682026,GO,GOIÁS,SMS - DIRECT PESQUISAS E MARKETING LTDA,DIRECT PESQUISAS,"Governador, Senador, Deputado Federal, Deputado Estadual",400,04/02/2026,José Dos Reis Cunha Filho,"4000,00",2026-02-05 00:00:00,2026-02-02 23:08:17
PI020522026,PI,PIAUÍ,OPINAR PESQUISAS LTDA.,OPINAR PESQUISAS,Senador,1200,03/08/2026,KLEISON DE PAIVA FREITAS,"67105,00",2026-08-06 00:00:00,2026-08-07 15:16:46
SC031922026,SC,SANTA CATARINA,VISAO PESQUISAS DE OPINIAO LTDA,#NULO#,"Governador, Senador, Deputado Federal, Deputado Estadual",880,03/08/2026,MARCELO HIDEMI UEMURA,"15000,00",2026-08-08 00:00:00,2026-08-01 11:05:40
RN066482026,RN,RIO GRANDE DO NORTE,CONSULTORIA E PESQUISA TECNICA LTDA,CONSULT PESQUISA,"Governador, Senador, Deputado Federal, Deputado Estadual",1700,03/07/2026,Paulo de Tarso Teixeira Ferreira,"40000,00",2026-07-05 00:00:00,2026-07-03 12:21:01
RN080922026,RN,RIO GRANDE DO NORTE,MEDIA - INTELIGENCIA EM PESQUISA LTDA,MEDIA - INTELIGENCIA EM PESQUISA,"Governador, Senador, Deputado Federal, Deputado Estadual",2000,03/07/2026,AUGUSTO DA SILVA ROCHA,"20000,00",2026-07-08 00:00:00,2026-07-03 19:14:20
GO013662026,GO,GOIÁS,INSTITUTO PARANA DE PESQUISAS E ANALISE DE CONSUMIDOR LTDA,#NULO#,"Governador, Senador",1300,03/07/2026,Tatiani Cristina Ara,"45000,00",2026-07-05 00:00:00,2026-06-30 18:59:18
SP091012026,SP,SÃO PAULO,100% CIDADES PARTICIPACOES LTDA,100 CIDADES,"Governador, Senador",1600,03/07/2026,FABIOLA MIRANDA VON RONDOW,"128000,00",2026-07-06 00:00:00,2026-07-01 23:07:27
MA045882026,MA,MARANHÃO,M R BORGES PROMOCOES,VOX BRASIL PUBLICIDADE MARKETING,"Governador, Senador, Deputado Federal, Deputado Estadual",405,03/07/2026,FILIPE MOREIRA MARTINE,"2500,00",2026-07-04 00:00:00,2026-07-02 22:22:28
PI030842026,PI,PIAUÍ,I. M. MENDONCA,INSTITUTO IDEALIZE,"Governador, Senador, Deputado Federal, Deputado Estadual",403,03/07/2026,LAERCIO DE SOUSA ARAUJO,"4000,00",2026-07-04 00:00:00,2026-07-16 00:44:42
PR011662026,PR,PARANÁ,INSTITUTO PARANA DE PESQUISAS E ANALISE DE CONSUMIDOR LTDA,#NULO#,"Governador, Senador",1500,03/07/2026,Tatiani Cristina Ara,"135900,00",2026-07-06 00:00:00,2026-07-01 19:17:09
TO067172026,TO,TOCANTINS,INSTITUTO VERITA LTDA,VERITA,"Governador, Senador",1220,03/06/2026,GUILHERME ALVARENGA LAIA,"96380,00",2026-06-07 00:00:00,2026-06-03 22:48:05
PI030042026,PI,PIAUÍ,ROGERIO M. P. MOURA - ME,DATA MAX,"Governador, Senador, Deputado Federal, Deputado Estadual",400,03/05/2026,DAVID LEAL DE CARVALHO,"5000,00",2026-05-05 00:00:00,2026-05-12 17:25:22
MS054772026,MS,MATO GROSSO DO SUL,RANKING BRASIL INTELIGENCIA LTDA,RANKING BRASIL INTELIGENCIA,"Governador, Senador, Deputado Federal, Deputado Estadual",2000,03/05/2026,AUGUSTO DA SILVA ROCHA,"20000,00",2026-05-07 00:00:00,2026-05-02 11:49:51
RN018092026,RN,RIO GRANDE DO NORTE,SETA INSTITUTO DE PESQUISA LTDA,INSTITUTO SETA DE PESQUISA,"Governador, Senador, Deputado Federal, Deputado Estadual",1500,03/05/2026,Galttieri Ferreira Tavares,"15000,00",2026-05-05 00:00:00,2026-05-02 21:11:01
PE048642026,PE,PERNAMBUCO,SIMPLEX CONSULTORIA ECONOMICA E EMPRESARIAL LTDA,SIMPLEX CONSULTORIA ECONOMICA E EMPRESARIAL,"Governador, Senador",1067,03/04/2026,Bruna Rafaella Sales Claudino,"37345,00",2026-04-07 00:00:00,2026-04-02 23:24:22
SP041362026,SP,SÃO PAULO,DATAFOLHA INSTITUTO DE PESQUISAS LTDA.,#NULO#,"Governador, Senador",1608,03/03/2026,Renata Nunes Cesar,"185706,64",2026-03-05 00:00:00,2026-02-27 21:38:21
GO042202026,GO,GOIÁS,INSTITUTO GAZETA LTDA,IGAPE- INSTITUTO GAZETA DE PEQUISAS,"Governador, Senador, Deputado Federal, Deputado Estadual",1200,03/03/2026,Filipe Moreira Martine,"5000,00",2026-03-06 00:00:00,2026-03-04 09:26:48
PI041192026,PI,PIAUÍ,INSTITUTO CREDIBILIDADE LTDA,INSTITUTO CREDIBILIDADE,"Governador, Senador, Deputado Federal, Deputado Estadual",401,03/03/2026,DIOGENES VITOR DA SILVEIRA,"8000,00",2026-03-04 00:00:00,2026-03-05 17:40:20
GO034282026,GO,GOIÁS,SMS - DIRECT PESQUISAS E MARKETING LTDA,DIRECT PESQUISAS,"Governador, Senador, Deputado Federal, Deputado Estadual",500,03/02/2026,José Dos Reis Cunha Filho,"4000,00",2026-02-04 00:00:00,2026-01-30 21:58:43
PE013122026,PE,PERNAMBUCO,ANDRE CAVALCANTE FALABELLA LTDA,INSTITUTO DE PESQUISA MULTIPLA,"Governador, Senador",1200,03/02/2026,Eduardo José Pereira da Costa ,"15000,00",2026-02-07 00:00:00,2026-02-06 16:27:25
PA040892026,PA,PARÁ,REAL TIME MIDIA LTDA,REAL TIME BIG DATA,"Governador, Senador",2000,03/02/2026,Isabela Zara Cremoneze,"80000,00",2026-02-04 00:00:00,2026-01-30 20:56:05
GO008542026,GO,GOIÁS,SMS - DIRECT PESQUISAS E MARKETING LTDA,DIRECT PESQUISAS,"Governador, Senador, Deputado Federal, Deputado Estadual",1000,03/02/2026,José Dos Reis Cunha Filho,"15000,00",2026-02-06 00:00:00,2026-02-02 22:44:14
SE096042026,SE,SERGIPE,INSTITUTO FRANCA DE PESQUISAS LTDA,INSTITUTO FRANCA DE PESQUISA PESQUISA E ASSESSORIA,"Governador, Senador",1800,03/02/2026,Aldine Andréa Oliveira de Sousa Cabral,"15000,00",2026-02-07 00:00:00,2026-02-06 19:48:58
RN068552026,RN,RIO GRANDE DO NORTE,AGORASEI PESQUISA LTDA,AGORASEI PESQUISA,"Governador, Senador, Deputado Federal, Deputado Estadual",1500,02/08/2026,Mariana da Silva Cavalcante,"19450,00",2026-08-05 00:00:00,2026-08-05 21:56:48
PA039512026,PA,PARÁ,V. C. H. A. SERVICOS LTDA.,VERITATE,"Governador, Senador",1400,02/07/2026,Demetrio Alcone Peres,"60000,00",2026-07-07 00:00:00,2026-07-03 21:29:01
SE082992026,SE,SERGIPE,"ECM - EDICAO, COMUNICACAO & MARKETING LTDA",ECM-PESQUISAS,"Governador, Senador, Deputado Federal, Deputado Estadual",1500,02/07/2026,FLAVIO FERREIRA DA CONCEICAO,"13000,00",2026-07-06 00:00:00,2026-07-02 22:10:14
RR039182026,RR,RORAIMA,INSTITUTO VERITA LTDA,VERITA,"Governador, Senador",1030,02/06/2026,GUILHERME ALVARENGA LAIA,"79310,00",2026-06-06 00:00:00,2026-06-01 23:18:29
PE024862026,PE,PERNAMBUCO,BADRA COMUNICACAO LTDA,BADRA COMUNICACAO,"Governador, Senador",1500,02/06/2026,Marcos Rogério Simonetti,"18000,00",2026-06-06 00:00:00,2026-06-01 18:06:29
MA032512026,MA,MARANHÃO,M R BORGES PROMOCOES,VOX BRASIL PUBLICIDADE MARKETING,"Governador, Senador, Deputado Federal",300,02/06/2026, FILIPI MOREIRA MARTINE,"2800,00",2026-06-03 00:00:00,2026-06-03 00:00:00
RO001822026,RO,RONDÔNIA,INSTITUTO VERITA LTDA,VERITA,"Governador, Senador",1220,02/06/2026,GUILHERME ALVARENGA LAIA,"93940,00",2026-06-06 00:00:00,2026-06-01 22:33:22
PE053792026,PE,PERNAMBUCO,INSTITUTO VERITA LTDA,VERITA,"Governador, Senador",2010,02/06/2026,GUILHERME ALVARENGA LAIA,"154770,00",2026-06-06 00:00:00,2026-06-01 21:54:21
SE086082026,SE,SERGIPE,INSTITUTO VERITA LTDA,VERITA,"Governador, Senador",1220,02/06/2026,GUILHERME ALVARENGA LAIA,"93940,00",2026-06-06 00:00:00,2026-06-01 22:49:15
AM033562026,AM,AMAZONAS,OPP O PRIMEIRO PORTAL PESQUISA DE MERCADO LTDA,OPP O PRIMEIRO PORTAL E VERITAS IP,"Governador, Senador",1536,02/06/2026,Geraldo Lopes de Souza Júnior,"20000,00",2026-06-10 00:00:00,2026-06-06 22:29:18
GO020582026,GO,GOIÁS,INSTITUTO VERITA LTDA,VERITA,"Governador, Senador",1525,02/06/2026,GUILHERME ALVARENGA LAIA,"117425,00",2026-06-06 00:00:00,2026-06-02 21:33:22
MS089642026,MS,MATO GROSSO DO SUL,INSTITUTO VERITA LTDA,VERITA,"Governador, Senador",1220,02/06/2026,GUILHERME ALVARENGA LAIA,"93940,00",2026-06-06 00:00:00,2026-06-01 21:45:04
RJ005422026,RJ,RIO DE JANEIRO,INSTITUTO VERITA LTDA,VERITA,"Governador, Senador",2030,02/06/2026,GUILHERME ALVARENGA LAIA,"156310,00",2026-06-06 00:00:00,2026-06-01 22:22:39
PR085702026,PR,PARANÁ,INSTITUTO VERITA LTDA,VERITA,"Governador, Senador",2010,02/06/2026,GUILHERME ALVARENGA LAIA,"154770,00",2026-06-06 00:00:00,2026-06-02 21:31:39
PI041542026,PI,PIAUÍ,INSTITUTO CREDIBILIDADE LTDA,INSTITUTO CREDIBILIDADE,"Governador, Senador, Deputado Federal, Deputado Estadual",402,02/05/2026,DIOGENES VITOR DA SILVEIRA,"5000,00",2026-05-03 00:00:00,2026-05-04 20:02:12
GO079822026,GO,GOIÁS,INSTITUTO GAZETA LTDA,IGAPE- INSTITUTO GAZETA DE PEQUISAS,"Governador, Senador, Deputado Federal, Deputado Estadual",1500,02/04/2026,FILIPE MOREIRA MARTINE,"5000,00",2026-04-07 00:00:00,2026-04-02 06:32:10
PI016302026,PI,PIAUÍ,INSTITUTO DIVULGA LTDA,INSTITUTO DIVULGA,"Governador, Senador, Deputado Federal, Deputado Estadual, Deputado Distrital",302,02/04/2026,RANIERE ALVES BRASIL,"8000,00",2026-04-03 00:00:00,2026-04-08 23:31:48
GO030312026,GO,GOIÁS,DATA POVO INSTITUTO DE PESQUISAS MARKETING E CONSULTORIA LTDA,DATA POVO CONSULTORIA,Governador,1000,02/04/2026,Israel Oliveira da Costa Sousa,"72000,00",2026-04-04 00:00:00,2026-04-06 22:42:24
MG037312026,MG,MINAS GERAIS,F5 ATUALIZA DADOS LTDA,F5 ATUALIZA DADOS,"Governador, Senador",1560,02/03/2026,EDMILSON ANTÔNIO PEREIRA JÚNIOR,"6500,00",2026-03-05 00:00:00,2026-02-26 16:45:45
RJ008412026,RJ,RIO DE JANEIRO,GERP MERCADOLOGIA LTDA,GRUPO GERP GERP MERCADO GERP OPINIAO GERPAUDIT,Governador,1200,02/03/2026,CLENILSON SANTOS DE OLIVEIRA,"15000,00",2026-03-06 00:00:00,2026-03-02 21:28:14
CE079352026,CE,CEARÁ,REAL TIME MIDIA LTDA,REAL TIME BIG DATA,"Governador, Senador",2000,02/02/2026,Isabela Zara Cremoneze,"80000,00",2026-02-03 00:00:00,2026-01-29 21:34:16
PA008282026,PA,PARÁ,INSTITUTO ACERTAR PESQUISA DE MERCADO E DE OPINIAO PUBLICA LTDA.,INSTITUTO ACERTAR,"Governador, Senador",1536,02/02/2026,SILVANILDO BAIA DA SILVA,"25000,00",2026-02-06 00:00:00,2026-02-02 12:29:34
MS064172026,MS,MATO GROSSO DO SUL,RANKING BRASIL INTELIGENCIA LTDA,RANKING BRASIL INTELIGENCIA,"Governador, Senador, Deputado Federal, Deputado Estadual",2000,02/02/2026,LINIANE GAZOLA,"20000,00",2026-02-06 00:00:00,2026-02-02 12:28:11
AC007702026,AC,ACRE,J J COELHO,INSTITUTO PHOENIX & ASSOCIADOS,"Governador, Senador, Deputado Federal, Deputado Estadual",605,02/02/2026,AUGUSTO DA SILVA ROCHA,"7000,00",2026-02-05 00:00:00,2026-01-31 10:12:14
GO050012026,GO,GOIÁS,INSTITUTO GAZETA LTDA,IGAPE- INSTITUTO GAZETA DE PEQUISAS,"Governador, Senador, Deputado Federal, Deputado Estadual",500,02/02/2026,FILIPE MOREIRA  MARTINE,"3000,00",2026-02-03 00:00:00,2026-02-04 13:59:24
GO019812026,GO,GOIÁS,SMS - DIRECT PESQUISAS E MARKETING LTDA,DIRECT PESQUISAS,"Governador, Senador, Deputado Federal, Deputado Estadual",500,02/02/2026,José Dos Reis Cunha Filho,"4000,00",2026-02-03 00:00:00,2026-01-30 22:15:41
PE095952026,PE,PERNAMBUCO,DATAFOLHA INSTITUTO DE PESQUISAS LTDA.,#NULO#,"Governador, Senador",1022,02/02/2026,Renata Nunes Cesar,"115000,00",2026-02-05 00:00:00,2026-01-30 17:21:55
SE094412026,SE,SERGIPE,CAMARA DE DIRIGENTES LOJISTAS DE ARACAJU,C.D.L.,"Governador, Senador, Deputado Federal, Deputado Estadual, Deputado Distrital",20000,01/09/2026,DANILIO SILVA SANTOS,"2000,00",2026-09-03 00:00:00,2026-08-22 16:16:53
MG095982026,MG,MINAS GERAIS,LAIS CRISTINA RODRIGUES DE OLIVEIRA LTDA,IPSENSUS PESQUISAS,"Governador, Senador, Deputado Federal, Deputado Estadual",400,01/08/2026,AUGUSTO DA SILVA ROCHA,"5000,00",2026-08-02 00:00:00,2026-07-31 22:12:47
MS077062026,MS,MATO GROSSO DO SUL,REAL TIME MIDIA LTDA,REAL TIME BIG DATA,"Governador, Senador",1600,01/08/2026,Isabela Zara Cremoneze,"24000,00",2026-08-05 00:00:00,2026-07-31 16:00:06
MG038372026,MG,MINAS GERAIS,INPAC INSTITUTO DE PESQUISAS APLICADAS E CONSULTORIA LTDA - ME,INPAC,"Governador, Senador, Deputado Federal, Deputado Estadual",500,01/08/2026,Neander Ferreira Almeida,"16500,00",2026-08-04 00:00:00,2026-08-07 18:58:50
SP090232026,SP,SÃO PAULO,INSTITUTO VERITA LTDA,VERITA,"Governador, Senador",2000,01/07/2026,Guilherme Alvarenga Laia,"154000,00",2026-07-05 00:00:00,2026-06-30 22:23:37
ES008242026,ES,ESPÍRITO SANTO,INSTITUTO FRANCA DE PESQUISAS LTDA,INSTITUTO FRANCA DE PESQUISA PESQUISA E ASSESSORIA,"Governador, Senador",1066,01/07/2026,Aldine Andrea Oliveira de Sousa Cabral,"15000,00",2026-07-07 00:00:00,2026-07-03 17:49:15
SP014682026,SP,SÃO PAULO,INSTITUTO PAULISTA DE PESQUISA E OPINIAO PUBLICA LTDA,IPPOP,"Governador, Senador, Deputado Federal, Deputado Estadual",1200,01/07/2026,Marcelo Hidemi Uemura,"15000,00",2026-07-10 00:00:00,2026-06-26 20:19:22
RS097412026,RS,RIO GRANDE DO SUL,BRASMARKET ANALISE E INVESTIGACAO DE MERCADO LTDA,BRASMARKET,"Governador, Senador",1200,01/07/2026,Juliane Silveira Freire da Silva,"35000,00",2026-07-03 00:00:00,2026-06-30 17:14:49
RO043502026,RO,RONDÔNIA,C. GOMES MARKETING,INSTITUTO AMAZONIA DE PESQUISA - IAP,"Governador, Senador",2500,01/07/2026,Katia Regina Bianco,"47500,00",2026-07-09 00:00:00,2026-06-30 21:45:14
SP017032026,SP,SÃO PAULO,DATAFOLHA INSTITUTO DE PESQUISAS LTDA.,#NULO#,"Governador, Senador",1608,01/07/2026,Renata Nunes Cesar,"185706,64",2026-07-03 00:00:00,2026-06-29 13:11:37
MT041532026,MT,MATO GROSSO,DATA INDEX PESQUISAS LTDA,INSTITUTO DATA INDEX DE PESQUISA,"Governador, Senador, Deputado Federal, Deputado Estadual",1600,01/07/2026,WANDER LUIZ BENESCIUTI,"30000,00",2026-07-04 00:00:00,2026-06-30 20:36:00
AP098152026,AP,AMAPÁ,INSTITUTO VERITA LTDA,VERITA,"Governador, Senador",1030,01/07/2026,Guilherme Alvarenga Laia,"79310,00",2026-07-05 00:00:00,2026-06-30 22:02:31
PA056232026,PA,PARÁ,INSTITUTO VERITA LTDA,VERITA,"Governador, Senador",1525,01/07/2026,Guilherme Alvarenga Laia,"117425,00",2026-07-05 00:00:00,2026-06-30 22:12:28
PE022742026,PE,PERNAMBUCO,OPINIAO PESQUISAS SOCIAIS LTDA,OPINIAO PESQUISAS SOCIAIS,"Governador, Senador",2000,01/07/2026,JOSE JOAQUIM LIRA ROBERTO BRAGA,"45000,00",2026-07-04 00:00:00,2026-07-01 17:02:37
AM034972026,AM,AMAZONAS,INSTITUTO VERITA LTDA,VERITA,"Governador, Senador",1220,01/07/2026,Guilherme Alvarenga Laia,"93940,00",2026-07-05 00:00:00,2026-06-30 21:54:00
GO087742026,GO,GOIÁS,NUMEN DATA PESQUISA E CONSULTORIA LTDA,NUMEN DATA,"Governador, Senador",1500,01/06/2026,Lorena Maurícia Neris Silva,"21000,00",2026-06-02 00:00:00,2026-05-30 23:23:33
RJ056452026,RJ,RIO DE JANEIRO,INSTITUTO PARANA DE PESQUISAS E ANALISE DE CONSUMIDOR LTDA,#NULO#,"Governador, Senador",1680,01/06/2026,Tatiani Cristina Ara,"45000,00",2026-06-03 00:00:00,2026-05-29 17:50:17
AC090562026,AC,ACRE,F. FACANHA DE ALMEIDA,DELTA AGENCIA DE PESQUISA,"Governador, Senador",1200,01/06/2026,Alexandre Vasconcelos Lima,"36000,00",2026-06-06 00:00:00,2026-05-31 19:22:34
MS068742026,MS,MATO GROSSO DO SUL,RANKING BRASIL INTELIGENCIA LTDA,RANKING BRASIL INTELIGENCIA,"Governador, Senador, Deputado Federal, Deputado Estadual",2000,01/06/2026,AUGUSTO DA SILVA ROCHA,"20000,00",2026-06-05 00:00:00,2026-05-30 08:42:05
RS074272026,RS,RIO GRANDE DO SUL,BRASMARKET ANALISE E INVESTIGACAO DE MERCADO LTDA,BRASMARKET,"Governador, Senador",1200,01/06/2026,Juliane Silveira Freire da Silva,"35000,00",2026-06-03 00:00:00,2026-05-30 14:49:58
RJ017162026,RJ,RIO DE JANEIRO,PREFAB FUTURE PUBLICIDADE E PESQUISAS LTDA,PREFAB FUTURE,Governador,2200,01/06/2026,Sergio Ribeiro dos Santos,"25000,00",2026-06-04 00:00:00,2026-05-30 23:16:29
SC017612026,SC,SANTA CATARINA,100% CIDADES PARTICIPACOES LTDA,100 CIDADES,"Governador, Senador",800,01/06/2026,Fabíola Miranda von Rondow,"64000,00",2026-06-03 00:00:00,2026-06-03 16:56:14
PI065702026,PI,PIAUÍ,INSTITUTO DATA AZ DE PESQUISA LTDA,INSTITUTO DE PESQUISA DATA AZ,"Senador, Deputado Federal, Deputado Estadual",500,01/05/2026,Laércio de Sousa Araújo,"4500,00",2026-05-04 00:00:00,2026-05-07 16:58:41
PI086562026,PI,PIAUÍ,ROGERIO M. P. MOURA - ME,DATA MAX,"Governador, Senador, Deputado Federal, Deputado Estadual",400,01/05/2026,DAVID LEAL DE CARVALHO,"5000,00",2026-05-03 00:00:00,2026-05-04 19:57:50
MG029912026,MG,MINAS GERAIS,BOAS E BOAS CONSULTORIA E PESQUISAS LTDA,DOXA INSTITUTO DE PESQUISAS,"Governador, Senador",1500,01/05/2026,MARCELO MOREIRA GADELHA DA SILVA,"120000,00",2026-05-03 00:00:00,2026-05-01 13:30:56
PI057212026,PI,PIAUÍ,CENSUS INSTITUTO DE PESQUISAS EIRELI,CENSUS,"Governador, Senador, Deputado Federal, Deputado Estadual",300,01/05/2026,Laércio de Sousa Araújo,"5000,00",2026-05-05 00:00:00,2026-05-12 16:36:52
RS052162026,RS,RIO GRANDE DO SUL,100% CIDADES PARTICIPACOES LTDA,100 CIDADES,"Governador, Senador",800,01/04/2026,Fabíola Miranda von Rondow,"64000,00",2026-04-06 00:00:00,2026-04-04 09:17:52
GO098852026,GO,GOIÁS,INSTITUTO PARANA DE PESQUISAS E ANALISE DE CONSUMIDOR LTDA,#NULO#,"Governador, Senador",1310,01/04/2026,Tatiani Cristina Ara,"45000,00",2026-04-03 00:00:00,2026-04-01 22:00:39
PR062542026,PR,PARANÁ,INSTITUTO PARANA DE PESQUISAS E ANALISE DE CONSUMIDOR LTDA,#NULO#,"Governador, Senador",1500,01/03/2026,Tatiani Cristina Ara,"135050,00",2026-03-04 00:00:00,2026-02-28 17:25:04
PI032432026,PI,PIAUÍ,CENSUS INSTITUTO DE PESQUISAS EIRELI,CENSUS,"Governador, Senador, Deputado Federal, Deputado Estadual",400,01/03/2026,Laércio de Sousa Araújo,"8000,00",2026-03-03 00:00:00,2026-03-05 15:26:43
MS086442026,MS,MATO GROSSO DO SUL,RANKING BRASIL INTELIGENCIA LTDA,RANKING BRASIL INTELIGENCIA,"Governador, Senador, Deputado Federal, Deputado Estadual",2000,01/03/2026,Augusto da Silva Rocha ,"20000,00",2026-03-06 00:00:00,2026-02-28 12:22:18
